"","state","district","soybean.value","sorghum.value","corn.value","wheat.sd.value","wheat.s.value","wheat.w.value","wheat.value","abbr","Code","Clinton.2016","Trump.2016","Sabato.20180724","party.cum","c.twoyears","c.aftertax","r_to_d","r_to_d_aftertax","d_to_r","soybean.high","sorghum.high","corn.high","wheat.high","state_c","state_c_abbr","party.c","district.c","curr.rate"
"1","1","01",60200,0,265333.333333333,0,0,0,0,"AL","AL-01",34.1,63.5,7,"GOP",0,0,0,0,0,0,0,0,0,"阿拉巴馬州","阿拉巴馬州","共和黨","阿拉巴馬州第01選區","共和黨絕對優勢"
"2","1","02",14866.6666666667,0,222733.333333333,0,0,0,0,"AL","AL-02",33,64.9,7,"GOP",0,0,0,0,0,0,0,0,0,"阿拉巴馬州","阿拉巴馬州","共和黨","阿拉巴馬州第02選區","共和黨絕對優勢"
"3","1","03",48269.2307692308,0,113769.230769231,0,0,0,0,"AL","AL-03",32.3,65.3,7,"GOP",0,0,0,0,0,0,0,0,0,"阿拉巴馬州","阿拉巴馬州","共和黨","阿拉巴馬州第03選區","共和黨絕對優勢"
"4","1","04",416468.75,0,920875,0,0,0,0,"AL","AL-04",17.4,80.4,7,"GOP",0,0,0,0,0,0,0,0,0,"阿拉巴馬州","阿拉巴馬州","共和黨","阿拉巴馬州第04選區","共和黨絕對優勢"
"5","1","05",1475600,0,3086800,0,0,0,0,"AL","AL-05",31.3,64.7,7,"GOP",0,0,0,0,0,0,0,0,0,"阿拉巴馬州","阿拉巴馬州","共和黨","阿拉巴馬州第05選區","共和黨絕對優勢"
"6","1","06",23500,0,0,0,0,0,0,"AL","AL-06",26.1,70.8,7,"GOP",0,0,0,0,0,0,0,0,0,"阿拉巴馬州","阿拉巴馬州","共和黨","阿拉巴馬州第06選區","共和黨絕對優勢"
"7","1","07",59092.8571428571,0,126500,0,0,0,0,"AL","AL-07",69.8,28.6,1,"Dem",0,0,0,0,0,0,0,0,0,"阿拉巴馬州","阿拉巴馬州","民主黨","阿拉巴馬州第07選區","民主黨絕對優勢"
"8","10","AL",1236666.66666667,0,10773000,0,0,0,0,"DE","DE-AL",53.4,41.9,1,"Dem",0,0,0,0,0,0,0,1,0,"德拉瓦州","德拉瓦州","民主黨","德拉瓦州選區","民主黨絕對優勢"
"9","12","01",0,0,0,0,0,0,0,"FL","FL-01",28.2,67.5,7,"GOP",0,0,0,0,0,0,0,0,0,"佛羅里達州","佛州","共和黨","佛州第01選區","共和黨絕對優勢"
"10","12","10",0,0,0,0,0,0,0,"FL","FL-10",61.8,34.9,1,"Dem",0,0,0,0,0,0,0,0,0,"佛羅里達州","佛州","民主黨","佛州第10選區","民主黨絕對優勢"
"11","12","11",0,0,0,0,0,0,0,"FL","FL-11",32.5,64.8,7,"GOP",0,0,0,0,0,0,0,0,0,"佛羅里達州","佛州","共和黨","佛州第11選區","共和黨絕對優勢"
"12","12","12",0,0,0,0,0,0,0,"FL","FL-12",38.8,57.4,7,"GOP",0,0,0,0,0,0,0,0,0,"佛羅里達州","佛州","共和黨","佛州第12選區","共和黨絕對優勢"
"13","12","13",0,0,0,0,0,0,0,"FL","FL-13",49.6,46.4,1,"Dem",-2,-1,0,0,0,0,0,0,0,"佛羅里達州","佛州","民主黨","佛州第13選區","民主黨絕對優勢"
"14","12","14",0,0,0,0,0,0,0,"FL","FL-14",57.2,39,1,"Dem",0,0,0,0,0,0,0,0,0,"佛羅里達州","佛州","民主黨","佛州第14選區","民主黨絕對優勢"
"15","12","15",0,0,0,0,0,0,0,"FL","FL-15",43.1,53.1,6,"GOP",-1,-1,0,0,0,0,0,0,0,"佛羅里達州","佛州","共和黨","佛州第15選區","共和黨優勢"
"16","12","16",0,0,0,0,0,0,0,"FL","FL-16",43,53.7,5,"GOP",-2,-1,0,0,0,0,0,0,0,"佛羅里達州","佛州","共和黨","佛州第16選區","共和黨些微優勢"
"17","12","17",0,0,0,0,0,0,0,"FL","FL-17",35,62.2,7,"GOP",0,0,0,0,0,0,0,0,0,"佛羅里達州","佛州","共和黨","佛州第17選區","共和黨絕對優勢"
"18","12","18",0,0,0,0,0,0,0,"FL","FL-18",44.1,53.3,6,"GOP",0,0,0,0,0,0,0,0,0,"佛羅里達州","佛州","共和黨","佛州第18選區","共和黨優勢"
"19","12","19",0,0,0,0,0,0,0,"FL","FL-19",37.5,59.6,7,"GOP",0,0,0,0,0,0,0,0,0,"佛羅里達州","佛州","共和黨","佛州第19選區","共和黨絕對優勢"
"20","12","02",0,0,0,0,0,0,0,"FL","FL-02",30.6,66.2,7,"GOP",0,0,0,0,0,0,0,0,0,"佛羅里達州","佛州","共和黨","佛州第02選區","共和黨絕對優勢"
"21","12","20",0,0,0,0,0,0,0,"FL","FL-20",80.2,18.1,1,"Dem",0,0,0,0,0,0,0,0,0,"佛羅里達州","佛州","民主黨","佛州第20選區","民主黨絕對優勢"
"22","12","21",0,0,0,0,0,0,0,"FL","FL-21",58.6,39.1,1,"Dem",0,0,0,0,0,0,0,0,0,"佛羅里達州","佛州","民主黨","佛州第21選區","民主黨絕對優勢"
"23","12","22",0,0,0,0,0,0,0,"FL","FL-22",56.8,41,1,"Dem",0,0,0,0,0,0,0,0,0,"佛羅里達州","佛州","民主黨","佛州第22選區","民主黨絕對優勢"
"24","12","23",0,0,0,0,0,0,0,"FL","FL-23",61.9,35.8,1,"Dem",0,0,0,0,0,0,0,0,0,"佛羅里達州","佛州","民主黨","佛州第23選區","民主黨絕對優勢"
"25","12","24",0,0,0,0,0,0,0,"FL","FL-24",83,15.3,1,"Dem",0,0,0,0,0,0,0,0,0,"佛羅里達州","佛州","民主黨","佛州第24選區","民主黨絕對優勢"
"26","12","25",0,0,0,0,0,0,0,"FL","FL-25",47.9,49.6,6,"GOP",-1,-1,0,0,0,0,0,0,0,"佛羅里達州","佛州","共和黨","佛州第25選區","共和黨優勢"
"27","12","26",0,0,0,0,0,0,0,"FL","FL-26",56.7,40.6,6,"GOP",-1,0,0,0,0,0,0,0,0,"佛羅里達州","佛州","共和黨","佛州第26選區","共和黨優勢"
"28","12","27",0,0,0,0,0,0,0,"FL","FL-27",58.6,38.9,3,"GOP",-3,0,1,0,0,0,0,0,0,"佛羅里達州","佛州","共和黨","佛州第27選區","民主黨些微優勢"
"29","12","03",0,0,0,0,0,0,0,"FL","FL-03",40.2,56.2,7,"GOP",0,0,0,0,0,0,0,0,0,"佛羅里達州","佛州","共和黨","佛州第03選區","共和黨絕對優勢"
"30","12","04",0,0,0,0,0,0,0,"FL","FL-04",34.1,62.1,7,"GOP",0,0,0,0,0,0,0,0,0,"佛羅里達州","佛州","共和黨","佛州第04選區","共和黨絕對優勢"
"31","12","05",0,0,0,0,0,0,0,"FL","FL-05",61.3,35.9,1,"Dem",0,0,0,0,0,0,0,0,0,"佛羅里達州","佛州","民主黨","佛州第05選區","民主黨絕對優勢"
"32","12","06",0,0,0,0,0,0,0,"FL","FL-06",39.9,56.9,6,"GOP",-1,0,0,0,0,0,0,0,0,"佛羅里達州","佛州","共和黨","佛州第06選區","共和黨優勢"
"33","12","07",0,0,0,0,0,0,0,"FL","FL-07",51.4,44.1,2,"Dem",-1,0,0,0,0,0,0,0,0,"佛羅里達州","佛州","民主黨","佛州第07選區","民主黨優勢"
"34","12","08",0,0,0,0,0,0,0,"FL","FL-08",37.7,58.4,7,"GOP",0,0,0,0,0,0,0,0,0,"佛羅里達州","佛州","共和黨","佛州第08選區","共和黨絕對優勢"
"35","12","09",0,0,0,0,0,0,0,"FL","FL-09",54.8,41.9,1,"Dem",0,0,0,0,0,0,0,0,0,"佛羅里達州","佛州","民主黨","佛州第09選區","民主黨絕對優勢"
"36","13","01",3747.05882352941,0,58058.8235294118,0,0,0,0,"GA","GA-01",40.9,56.4,7,"GOP",0,0,0,0,0,0,0,0,0,"喬治亞州","喬治亞州","共和黨","喬治亞州第01選區","共和黨絕對優勢"
"37","13","10",1348,0,75040,0,0,0,0,"GA","GA-10",35.8,61.3,7,"GOP",0,0,0,0,0,0,0,0,0,"喬治亞州","喬治亞州","共和黨","喬治亞州第10選區","共和黨絕對優勢"
"38","13","11",34000,0,74500,0,0,0,0,"GA","GA-11",35.3,60.3,7,"GOP",0,0,0,0,0,0,0,0,0,"喬治亞州","喬治亞州","共和黨","喬治亞州第11選區","共和黨絕對優勢"
"39","13","12",39847.3684210526,0,266157.894736842,0,0,0,0,"GA","GA-12",40.7,56.9,7,"GOP",0,0,0,0,0,0,0,0,0,"喬治亞州","喬治亞州","共和黨","喬治亞州第12選區","共和黨絕對優勢"
"40","13","13",5616.66666666667,0,0,0,0,0,0,"GA","GA-13",71,26.6,1,"Dem",0,0,0,0,0,0,0,0,0,"喬治亞州","喬治亞州","民主黨","喬治亞州第13選區","民主黨絕對優勢"
"41","13","14",24250,0,58083.3333333333,0,0,0,0,"GA","GA-14",22.1,75,7,"GOP",0,0,0,0,0,0,0,0,0,"喬治亞州","喬治亞州","共和黨","喬治亞州第14選區","共和黨絕對優勢"
"42","13","02",41027.5862068966,0,616517.24137931,0,0,0,0,"GA","GA-02",55,43.3,1,"Dem",0,0,0,0,0,0,0,0,0,"喬治亞州","喬治亞州","民主黨","喬治亞州第02選區","民主黨絕對優勢"
"43","13","03",2592.30769230769,0,0,0,0,0,0,"GA","GA-03",32.8,64.3,7,"GOP",0,0,0,0,0,0,0,0,0,"喬治亞州","喬治亞州","共和黨","喬治亞州第03選區","共和黨絕對優勢"
"44","13","04",0,0,0,0,0,0,0,"GA","GA-04",75.3,22.2,1,"Dem",0,0,0,0,0,0,0,0,0,"喬治亞州","喬治亞州","民主黨","喬治亞州第04選區","民主黨絕對優勢"
"45","13","05",0,0,0,0,0,0,0,"GA","GA-05",85,11.9,1,"Dem",0,0,0,0,0,0,0,0,0,"喬治亞州","喬治亞州","民主黨","喬治亞州第05選區","民主黨絕對優勢"
"46","13","06",0,0,0,0,0,0,0,"GA","GA-06",46.8,48.3,5,"GOP",-1,0,0,0,0,0,0,0,0,"喬治亞州","喬治亞州","共和黨","喬治亞州第06選區","共和黨些微優勢"
"47","13","07",0,0,0,0,0,0,0,"GA","GA-07",44.8,51.1,6,"GOP",-1,-1,0,0,0,0,0,0,0,"喬治亞州","喬治亞州","共和黨","喬治亞州第07選區","共和黨優勢"
"48","13","08",23233.3333333333,0,183875,0,0,0,0,"GA","GA-08",34.4,63.3,7,"GOP",0,0,0,0,0,0,0,0,0,"喬治亞州","喬治亞州","共和黨","喬治亞州第08選區","共和黨絕對優勢"
"49","13","09",8860,0,3170,0,0,0,0,"GA","GA-09",19.3,77.8,7,"GOP",0,0,0,0,0,0,0,0,0,"喬治亞州","喬治亞州","共和黨","喬治亞州第09選區","共和黨絕對優勢"
"50","15","01",0,0,0,0,0,0,0,"HI","HI-01",63.1,30.5,1,"Dem",0,0,0,0,0,0,0,0,0,"夏威夷州","夏威夷州","民主黨","夏威夷州第01選區","民主黨絕對優勢"
"51","15","02",0,0,0,0,0,0,0,"HI","HI-02",61.4,29.6,1,"Dem",0,0,0,0,0,0,0,0,0,"夏威夷州","夏威夷州","民主黨","夏威夷州第02選區","民主黨絕對優勢"
"52","16","01",0,0,443052.631578947,0,88578.9473684211,1160394.73684211,1248973.68421053,"ID","ID-01",25.4,63.7,7,"GOP",0,0,0,0,0,0,0,0,0,"愛達荷州","愛達荷州","共和黨","愛達荷州第01選區","共和黨絕對優勢"
"53","16","02",0,0,258192.307692308,0,649692.307692308,864230.769230769,1513923.07692308,"ID","ID-02",29.8,54.5,7,"GOP",0,0,0,0,0,0,0,0,0,"愛達荷州","愛達荷州","共和黨","愛達荷州第02選區","共和黨絕對優勢"
"54","17","01",2855500,0,8491500,0,0,82500,82500,"IL","IL-01",75.4,21.4,1,"Dem",0,0,0,0,0,0,0,0,0,"伊利諾州","伊利諾州","民主黨","伊利諾州第01選區","民主黨絕對優勢"
"55","17","10",0,0,571000,0,0,0,0,"IL","IL-10",62,32.6,1,"Dem",-1,0,0,0,0,0,0,0,0,"伊利諾州","伊利諾州","民主黨","伊利諾州第10選區","民主黨絕對優勢"
"56","17","11",2531200,0,8967600,0,0,67800,67800,"IL","IL-11",58.9,35.4,1,"Dem",0,0,0,0,0,0,0,0,0,"伊利諾州","伊利諾州","民主黨","伊利諾州第11選區","民主黨絕對優勢"
"57","17","12",3740666.66666667,0,6197666.66666667,0,0,600666.666666667,600666.666666667,"IL","IL-12",40.2,55,4,"GOP",-3,0,1,0,0,0,0,0,0,"伊利諾州","伊利諾州","共和黨","伊利諾州第12選區","兩黨拉鋸"
"58","17","13",9089214.28571429,0,30132357.1428571,0,0,171328.571428571,171328.571428571,"IL","IL-13",44.2,49.7,6,"GOP",0,0,0,0,0,1,0,1,0,"伊利諾州","伊利諾州","共和黨","伊利諾州第13選區","共和黨優勢"
"59","17","14",3202857.14285714,0,14778714.2857143,0,0,101285.714285714,101285.714285714,"IL","IL-14",44.8,48.7,6,"GOP",-1,0,0,0,0,0,0,1,0,"伊利諾州","伊利諾州","共和黨","伊利諾州第14選區","共和黨優勢"
"60","17","15",5799545.45454545,0,16186333.3333333,0,0,448221.212121212,448221.212121212,"IL","IL-15",24.5,70.7,7,"GOP",0,0,0,0,0,1,0,1,0,"伊利諾州","伊利諾州","共和黨","伊利諾州第15選區","共和黨絕對優勢"
"61","17","16",7750142.85714286,0,35378428.5714286,0,0,143278.571428571,143278.571428571,"IL","IL-16",38.3,55.5,7,"GOP",0,0,0,0,0,1,0,1,0,"伊利諾州","伊利諾州","共和黨","伊利諾州第16選區","共和黨絕對優勢"
"62","17","17",5629571.42857143,0,29531000,0,0,48071.4285714286,48071.4285714286,"IL","IL-17",46.7,47.4,1,"Dem",-1,0,0,0,0,1,0,1,0,"伊利諾州","伊利諾州","民主黨","伊利諾州第17選區","民主黨絕對優勢"
"63","17","18",7207263.15789474,0,27269052.6315789,0,0,62805.2631578947,62805.2631578947,"IL","IL-18",33.3,60.6,7,"GOP",0,0,0,0,0,1,0,1,0,"伊利諾州","伊利諾州","共和黨","伊利諾州第18選區","共和黨絕對優勢"
"64","17","02",4329333.33333333,0,17564000,0,0,55000,55000,"IL","IL-02",78,19.1,1,"Dem",0,0,0,0,0,1,0,1,0,"伊利諾州","伊利諾州","民主黨","伊利諾州第02選區","民主黨絕對優勢"
"65","17","03",1903666.66666667,0,5661000,0,0,55000,55000,"IL","IL-03",55.2,39.9,1,"Dem",0,0,0,0,0,0,0,0,0,"伊利諾州","伊利諾州","民主黨","伊利諾州第03選區","民主黨絕對優勢"
"66","17","04",0,0,0,0,0,0,0,"IL","IL-04",82.1,13.2,1,"Dem",0,0,0,0,0,0,0,0,0,"伊利諾州","伊利諾州","民主黨","伊利諾州第04選區","民主黨絕對優勢"
"67","17","05",0,0,0,0,0,0,0,"IL","IL-05",70.5,23.9,1,"Dem",0,0,0,0,0,0,0,0,0,"伊利諾州","伊利諾州","民主黨","伊利諾州第05選區","民主黨絕對優勢"
"68","17","06",1244400,0,5748600,0,0,21600,21600,"IL","IL-06",50.2,43.2,4,"GOP",-2,-1,1,1,0,0,0,0,0,"伊利諾州","伊利諾州","共和黨","伊利諾州第06選區","兩黨拉鋸"
"69","17","07",0,0,0,0,0,0,0,"IL","IL-07",87.4,9.2,1,"Dem",0,0,0,0,0,0,0,0,0,"伊利諾州","伊利諾州","民主黨","伊利諾州第07選區","民主黨絕對優勢"
"70","17","08",1055000,0,4193000,0,0,36000,36000,"IL","IL-08",58.1,36.4,1,"Dem",0,0,0,0,0,0,0,0,0,"伊利諾州","伊利諾州","民主黨","伊利諾州第08選區","民主黨絕對優勢"
"71","17","09",0,0,0,0,0,0,0,"IL","IL-09",70.1,24.9,1,"Dem",0,0,0,0,0,0,0,0,0,"伊利諾州","伊利諾州","民主黨","伊利諾州第09選區","民主黨絕對優勢"
"72","18","01",3446000,0,12550000,0,0,136333.333333333,136333.333333333,"IN","IN-01",54.1,41.5,1,"Dem",0,0,0,0,0,0,0,1,0,"印第安納州","印第安納州","民主黨","印第安納州第01選區","民主黨絕對優勢"
"73","18","02",3634300,0,13415000,0,0,147800,147800,"IN","IN-02",36.1,59.3,6,"GOP",-1,-1,0,0,0,0,0,1,0,"印第安納州","印第安納州","共和黨","印第安納州第02選區","共和黨優勢"
"74","18","03",3881166.66666667,0,9445833.33333333,0,0,346583.333333333,346583.333333333,"IN","IN-03",30.1,65.1,7,"GOP",0,0,0,0,0,0,0,0,0,"印第安納州","印第安納州","共和黨","印第安納州第03選區","共和黨絕對優勢"
"75","18","04",5090062.5,0,17437500,0,0,103487.5,103487.5,"IN","IN-04",30.2,64.3,7,"GOP",0,0,0,0,0,1,0,1,0,"印第安納州","印第安納州","共和黨","印第安納州第04選區","共和黨絕對優勢"
"76","18","05",4100125,0,9412500,0,0,95125,95125,"IN","IN-05",41.3,53.1,7,"GOP",0,0,0,0,0,1,0,0,0,"印第安納州","印第安納州","共和黨","印第安納州第05選區","共和黨絕對優勢"
"77","18","06",3200894.73684211,0,7469473.68421053,0,0,160989.473684211,160989.473684211,"IN","IN-06",27.4,67.7,7,"GOP",0,0,0,0,0,0,0,0,0,"印第安納州","印第安納州","共和黨","印第安納州第06選區","共和黨絕對優勢"
"78","18","07",396000,0,0,0,0,0,0,"IN","IN-07",59,36.2,1,"Dem",0,0,0,0,0,0,0,0,0,"印第安納州","印第安納州","民主黨","印第安納州第07選區","民主黨絕對優勢"
"79","18","08",2815210.52631579,0,8594210.52631579,0,0,229673.684210526,229673.684210526,"IN","IN-08",30.9,64.6,7,"GOP",0,0,0,0,0,0,0,0,0,"印第安納州","印第安納州","共和黨","印第安納州第08選區","共和黨絕對優勢"
"80","18","09",1541923.07692308,0,3435384.61538462,0,0,67200,67200,"IN","IN-09",34.2,61.1,6,"GOP",-1,-1,0,0,0,0,0,0,0,"印第安納州","印第安納州","共和黨","印第安納州第09選區","共和黨優勢"
"81","19","01",5038100,0,30556100,0,0,0,0,"IA","IA-01",45.2,48.7,4,"GOP",-2,0,1,0,0,1,0,1,0,"愛荷華州","愛荷華州","共和黨","愛荷華州第01選區","兩黨拉鋸"
"82","19","02",3629875,0,14944166.6666667,0,0,0,0,"IA","IA-02",45,49.1,1,"Dem",-1,0,0,0,0,0,0,1,0,"愛荷華州","愛荷華州","民主黨","愛荷華州第02選區","民主黨絕對優勢"
"83","19","03",5173187.5,0,18394750,0,0,0,0,"IA","IA-03",45,48.5,4,"GOP",-2,-1,1,1,0,1,0,1,0,"愛荷華州","愛荷華州","共和黨","愛荷華州第03選區","兩黨拉鋸"
"84","19","04",7289589.74358974,0,33911333.3333333,0,0,0,0,"IA","IA-04",33.5,60.9,6,"GOP",-1,-1,0,0,0,1,0,1,0,"愛荷華州","愛荷華州","共和黨","愛荷華州第04選區","共和黨優勢"
"85","2","AL",0,0,0,0,0,0,0,"AK","AK-AL",37.6,52.8,7,"GOP",1,0,0,0,0,0,0,0,0,"阿拉斯加州","阿拉斯加州","共和黨","阿拉斯加州選區","共和黨絕對優勢"
"86","20","01",1182206.34920635,1717507.93650794,4795812.6984127,0,0,2903822.22222222,2903822.22222222,"KS","KS-01",24.3,69.3,7,"GOP",0,0,0,0,0,0,1,0,1,"堪薩斯州","堪薩斯州","共和黨","堪薩斯州第01選區","共和黨絕對優勢"
"87","20","02",2615800,20500,5530992,0,0,301192,301192,"KS","KS-02",37.4,55.8,4,"GOP",-3,-1,1,1,0,0,0,0,0,"堪薩斯州","堪薩斯州","共和黨","堪薩斯州第02選區","兩黨拉鋸"
"88","20","03",881666.666666667,0,1106733.33333333,0,0,126333.333333333,126333.333333333,"KS","KS-03",47.2,46,5,"GOP",0,0,0,0,0,0,0,0,0,"堪薩斯州","堪薩斯州","共和黨","堪薩斯州第03選區","共和黨些微優勢"
"89","20","04",1598588.23529412,415823.529411765,2739435.29411765,0,0,4307470.58823529,4307470.58823529,"KS","KS-04",33,60.2,7,"GOP",0,0,0,0,0,0,1,0,1,"堪薩斯州","堪薩斯州","共和黨","堪薩斯州第04選區","共和黨絕對優勢"
"90","21","01",1647057.14285714,0,4172285.71428571,0,0,528140,528140,"KY","KY-01",23.9,72.4,7,"GOP",0,0,0,0,0,0,0,0,0,"肯塔基州","肯塔基州","共和黨","肯塔基州第01選區","共和黨絕對優勢"
"91","21","02",1237895.23809524,0,1953585.71428571,0,0,103123.80952381,103123.80952381,"KY","KY-02",27.6,67.5,6,"GOP",-1,0,0,0,0,0,0,0,0,"肯塔基州","肯塔基州","共和黨","肯塔基州第02選區","共和黨優勢"
"92","21","03",0,0,82000,0,0,0,0,"KY","KY-03",54.9,39.9,1,"Dem",0,0,0,0,0,0,0,0,0,"肯塔基州","肯塔基州","民主黨","肯塔基州第03選區","民主黨絕對優勢"
"93","21","04",216435,0,330555,0,0,6475,6475,"KY","KY-04",29.3,65.2,7,"GOP",0,0,0,0,0,0,0,0,0,"肯塔基州","肯塔基州","共和黨","肯塔基州第04選區","共和黨絕對優勢"
"94","21","05",66366.6666666667,0,138730,0,0,6716.66666666667,6716.66666666667,"KY","KY-05",17.5,79.6,7,"GOP",0,0,0,0,0,0,0,0,0,"肯塔基州","肯塔基州","共和黨","肯塔基州第05選區","共和黨絕對優勢"
"95","21","06",134605.263157895,0,181984.210526316,0,0,5221.05263157895,5221.05263157895,"KY","KY-06",39.4,54.7,4,"GOP",-3,-1,1,1,0,0,0,0,0,"肯塔基州","肯塔基州","共和黨","肯塔基州第06選區","兩黨拉鋸"
"96","22","01",0,0,0,0,0,0,0,"LA","LA-01",26.7,68.7,7,"GOP",0,0,0,0,0,0,0,0,0,"路易斯安那州","路易斯安那州","共和黨","路易斯安那州第01選區","共和黨絕對優勢"
"97","22","02",157700,0,0,0,0,0,0,"LA","LA-02",74.6,22.2,1,"Dem",0,0,0,0,0,0,0,0,0,"路易斯安那州","路易斯安那州","民主黨","路易斯安那州第02選區","民主黨絕對優勢"
"98","22","03",638100,6650,174300,0,0,0,0,"LA","LA-03",29.2,67.3,7,"GOP",0,0,0,0,0,0,0,0,0,"路易斯安那州","路易斯安那州","共和黨","路易斯安那州第03選區","共和黨絕對優勢"
"99","22","04",464200,4433.33333333333,494000,0,0,0,0,"LA","LA-04",36.6,60.6,7,"GOP",0,0,0,0,0,0,0,0,0,"路易斯安那州","路易斯安那州","共和黨","路易斯安那州第04選區","共和黨絕對優勢"
"100","22","05",2276083.33333333,27020.8333333333,3307833.33333333,0,0,0,0,"LA","LA-05",34.1,63.5,7,"GOP",0,0,0,0,0,0,0,0,0,"路易斯安那州","路易斯安那州","共和黨","路易斯安那州第05選區","共和黨絕對優勢"
"101","22","06",387076.923076923,0,183461.538461538,0,0,0,0,"LA","LA-06",31,64.8,7,"GOP",0,0,0,0,0,0,0,0,0,"路易斯安那州","路易斯安那州","共和黨","路易斯安那州第06選區","共和黨絕對優勢"
"102","23","01",0,0,0,0,0,0,0,"ME","ME-01",54.1,39.3,1,"Dem",0,0,0,0,0,0,0,0,0,"緬因州","緬因州","民主黨","緬因州第01選區","民主黨絕對優勢"
"103","23","02",0,0,0,0,0,0,0,"ME","ME-02",41.1,51.4,5,"GOP",-1,0,0,0,0,0,0,0,0,"緬因州","緬因州","共和黨","緬因州第02選區","共和黨些微優勢"
"104","24","01",1614583.33333333,0,5006500,0,0,568833.333333333,568833.333333333,"MD","MD-01",33.5,61.9,7,"GOP",0,0,0,0,0,0,0,0,0,"馬里蘭州","馬里蘭州","共和黨","馬里蘭州第01選區","共和黨絕對優勢"
"105","24","02",280000,0,1262600,0,0,28400,28400,"MD","MD-02",60.2,35.6,1,"Dem",0,0,0,0,0,0,0,0,0,"馬里蘭州","馬里蘭州","民主黨","馬里蘭州第02選區","民主黨絕對優勢"
"106","24","03",140000,0,649000,0,0,0,0,"MD","MD-03",62.9,32.1,1,"Dem",0,0,0,0,0,0,0,0,0,"馬里蘭州","馬里蘭州","民主黨","馬里蘭州第03選區","民主黨絕對優勢"
"107","24","04",71500,0,116000,0,0,0,0,"MD","MD-04",77.7,19.2,1,"Dem",0,0,0,0,0,0,0,0,0,"馬里蘭州","馬里蘭州","民主黨","馬里蘭州第04選區","民主黨絕對優勢"
"108","24","05",162600,0,304800,0,0,0,0,"MD","MD-05",63.6,32.6,1,"Dem",0,0,0,0,0,0,0,0,0,"馬里蘭州","馬里蘭州","民主黨","馬里蘭州第05選區","民主黨絕對優勢"
"109","24","06",488000,0,1034400,0,0,190000,190000,"MD","MD-06",55.8,39.7,1,"Dem",0,0,0,0,0,0,0,0,0,"馬里蘭州","馬里蘭州","民主黨","馬里蘭州第06選區","民主黨絕對優勢"
"110","24","07",233333.333333333,0,1081666.66666667,0,0,0,0,"MD","MD-07",75.5,20.5,1,"Dem",0,0,0,0,0,0,0,0,0,"馬里蘭州","馬里蘭州","民主黨","馬里蘭州第07選區","民主黨絕對優勢"
"111","24","08",1290000,0,3185333.33333333,0,0,664000,664000,"MD","MD-08",64.6,30.9,1,"Dem",0,0,0,0,0,0,0,0,0,"馬里蘭州","馬里蘭州","民主黨","馬里蘭州第08選區","民主黨絕對優勢"
"112","25","01",0,0,0,0,0,0,0,"MA","MA-01",57.2,36.5,1,"Dem",0,0,0,0,0,0,0,0,0,"馬薩諸塞州","馬薩諸塞州","民主黨","馬薩諸塞州第01選區","民主黨絕對優勢"
"113","25","02",0,0,0,0,0,0,0,"MA","MA-02",56.2,36.8,1,"Dem",0,0,0,0,0,0,0,0,0,"馬薩諸塞州","馬薩諸塞州","民主黨","馬薩諸塞州第02選區","民主黨絕對優勢"
"114","25","03",0,0,0,0,0,0,0,"MA","MA-03",58.2,35.4,1,"Dem",0,0,0,0,0,0,0,0,0,"馬薩諸塞州","馬薩諸塞州","民主黨","馬薩諸塞州第03選區","民主黨絕對優勢"
"115","25","04",0,0,0,0,0,0,0,"MA","MA-04",59.2,35,1,"Dem",0,0,0,0,0,0,0,0,0,"馬薩諸塞州","馬薩諸塞州","民主黨","馬薩諸塞州第04選區","民主黨絕對優勢"
"116","25","05",0,0,0,0,0,0,0,"MA","MA-05",69.3,25.7,1,"Dem",0,0,0,0,0,0,0,0,0,"馬薩諸塞州","馬薩諸塞州","民主黨","馬薩諸塞州第05選區","民主黨絕對優勢"
"117","25","06",0,0,0,0,0,0,0,"MA","MA-06",56.1,38.2,1,"Dem",0,0,0,0,0,0,0,0,0,"馬薩諸塞州","馬薩諸塞州","民主黨","馬薩諸塞州第06選區","民主黨絕對優勢"
"118","25","07",0,0,0,0,0,0,0,"MA","MA-07",84.1,11.9,1,"Dem",0,0,0,0,0,0,0,0,0,"馬薩諸塞州","馬薩諸塞州","民主黨","馬薩諸塞州第07選區","民主黨絕對優勢"
"119","25","08",0,0,0,0,0,0,0,"MA","MA-08",60.4,34.4,1,"Dem",0,0,0,0,0,0,0,0,0,"馬薩諸塞州","馬薩諸塞州","民主黨","馬薩諸塞州第08選區","民主黨絕對優勢"
"120","25","09",0,0,0,0,0,0,0,"MA","MA-09",52.5,41.8,1,"Dem",0,0,0,0,0,0,0,0,0,"馬薩諸塞州","馬薩諸塞州","民主黨","馬薩諸塞州第09選區","民主黨絕對優勢"
"121","26","01",13406.25,0,134375,0,0,8896.875,8896.875,"MI","MI-01",36.6,57.9,6,"GOP",-1,0,0,0,0,0,0,0,0,"密西根州","密西根州","共和黨","密西根州第01選區","共和黨優勢"
"122","26","10",2973333.33333333,0,8375000,0,0,2291166.66666667,2291166.66666667,"MI","MI-10",31.6,63.8,7,"GOP",0,0,0,0,0,0,0,0,0,"密西根州","密西根州","共和黨","密西根州第10選區","共和黨絕對優勢"
"123","26","11",115000,0,280000,0,0,0,0,"MI","MI-11",45.3,49.7,4,"GOP",0,0,1,0,0,0,0,0,0,"密西根州","密西根州","共和黨","密西根州第11選區","兩黨拉鋸"
"124","26","12",1041000,0,2485000,0,0,354000,354000,"MI","MI-12",60.8,34.5,1,"Dem",0,0,0,0,0,0,0,0,0,"密西根州","密西根州","民主黨","密西根州第12選區","民主黨絕對優勢"
"125","26","13",116000,0,150000,0,0,0,0,"MI","MI-13",78.8,18.1,1,"Dem",0,0,0,0,0,0,0,0,0,"密西根州","密西根州","民主黨","密西根州第13選區","民主黨絕對優勢"
"126","26","14",115000,0,280000,0,0,0,0,"MI","MI-14",79.2,18.3,1,"Dem",0,0,0,0,0,0,0,0,0,"密西根州","密西根州","民主黨","密西根州第14選區","民主黨絕對優勢"
"127","26","02",528750,0,2491250,0,0,97500,97500,"MI","MI-02",38.2,55.8,7,"GOP",0,0,0,0,0,0,0,0,0,"密西根州","密西根州","共和黨","密西根州第02選區","共和黨絕對優勢"
"128","26","03",1696400,0,7442000,0,0,321400,321400,"MI","MI-03",42.2,51.6,7,"GOP",0,0,0,0,0,0,0,0,0,"密西根州","密西根州","共和黨","密西根州第03選區","共和黨絕對優勢"
"129","26","04",1449266.66666667,0,4026000,0,0,413846.666666667,413846.666666667,"MI","MI-04",34.7,59.5,7,"GOP",0,0,0,0,0,0,0,0,0,"密西根州","密西根州","共和黨","密西根州第04選區","共和黨絕對優勢"
"130","26","05",2326666.66666667,0,6700000,0,0,953833.333333333,953833.333333333,"MI","MI-05",49.7,45.5,1,"Dem",0,0,0,0,0,0,0,0,0,"密西根州","密西根州","民主黨","密西根州第05選區","民主黨絕對優勢"
"131","26","06",1761666.66666667,0,7766666.66666667,0,0,47100,47100,"MI","MI-06",42.9,51.3,6,"GOP",-1,0,0,0,0,0,0,0,0,"密西根州","密西根州","共和黨","密西根州第06選區","共和黨優勢"
"132","26","07",3393000,0,9518571.42857143,0,0,844285.714285714,844285.714285714,"MI","MI-07",38.7,55.7,6,"GOP",-1,0,0,0,0,0,0,0,0,"密西根州","密西根州","共和黨","密西根州第07選區","共和黨優勢"
"133","26","08",1155000,0,3316666.66666667,0,0,292666.666666667,292666.666666667,"MI","MI-08",43.9,50.6,4,"GOP",-3,-1,1,1,0,0,0,0,0,"密西根州","密西根州","共和黨","密西根州第08選區","兩黨拉鋸"
"134","26","09",538000,0,955000,0,0,79500,79500,"MI","MI-09",51.5,43.7,1,"Dem",0,0,0,0,0,0,0,0,0,"密西根州","密西根州","民主黨","密西根州第09選區","民主黨絕對優勢"
"135","27","01",6539333.33333333,0,28952142.8571429,0,3871.42857142857,0,3871.42857142857,"MN","MN-01",38.4,53.3,4,"Dem",1,0,0,0,1,1,0,1,0,"明尼蘇達州","明尼蘇達州","民主黨","明尼蘇達州第01選區","兩黨拉鋸"
"136","27","02",2835166.66666667,0,14839833.3333333,0,0,0,0,"MN","MN-02",45.3,46.5,4,"GOP",0,0,1,0,0,0,0,1,0,"明尼蘇達州","明尼蘇達州","共和黨","明尼蘇達州第02選區","兩黨拉鋸"
"137","27","03",1083666.66666667,0,4791666.66666667,0,0,0,0,"MN","MN-03",50.8,41.4,4,"GOP",-2,0,1,0,0,0,0,0,0,"明尼蘇達州","明尼蘇達州","共和黨","明尼蘇達州第03選區","兩黨拉鋸"
"138","27","04",344500,0,1359000,0,0,0,0,"MN","MN-04",61.5,30.6,1,"Dem",0,0,0,0,0,0,0,0,0,"明尼蘇達州","明尼蘇達州","民主黨","明尼蘇達州第04選區","民主黨絕對優勢"
"139","27","05",282666.666666667,0,1003333.33333333,0,0,0,0,"MN","MN-05",73.7,18.5,1,"Dem",0,0,0,0,0,0,0,0,0,"明尼蘇達州","明尼蘇達州","民主黨","明尼蘇達州第05選區","民主黨絕對優勢"
"140","27","06",1798875,0,8991000,0,9150,0,9150,"MN","MN-06",33.2,58.9,7,"GOP",0,0,0,0,0,0,0,0,0,"明尼蘇達州","明尼蘇達州","共和黨","明尼蘇達州第06選區","共和黨絕對優勢"
"141","27","07",5804894.73684211,0,19453894.7368421,0,1537542.10526316,0,1537542.10526316,"MN","MN-07",31,61.8,2,"Dem",-3,0,0,0,0,1,0,1,0,"明尼蘇達州","明尼蘇達州","民主黨","明尼蘇達州第07選區","民主黨優勢"
"142","27","08",271944.444444444,0,1543861.11111111,0,7716.66666666667,0,7716.66666666667,"MN","MN-08",38.6,54.2,4,"Dem",1,0,0,0,1,0,0,0,0,"明尼蘇達州","明尼蘇達州","民主黨","明尼蘇達州第08選區","兩黨拉鋸"
"143","28","01",660454.545454545,0,495681.818181818,0,0,5590.90909090909,5590.90909090909,"MS","MS-01",32.4,65.4,7,"GOP",0,0,0,0,0,0,0,0,0,"密西西比州","密西西比州","共和黨","密西西比州第01選區","共和黨絕對優勢"
"144","28","02",3703500,0,2878115.38461538,0,0,10230.7692307692,10230.7692307692,"MS","MS-02",63.6,35.1,1,"Dem",0,0,0,0,0,0,0,0,0,"密西西比州","密西西比州","民主黨","密西西比州第02選區","民主黨絕對優勢"
"145","28","03",104166.666666667,0,335083.333333333,0,0,0,0,"MS","MS-03",36.8,61.3,7,"GOP",0,0,0,0,0,0,0,0,0,"密西西比州","密西西比州","共和黨","密西西比州第03選區","共和黨絕對優勢"
"146","28","04",0,0,0,0,0,0,0,"MS","MS-04",28.2,69.4,7,"GOP",0,0,0,0,0,0,0,0,0,"密西西比州","密西西比州","共和黨","密西西比州第04選區","共和黨絕對優勢"
"147","29","01",200500,0,161500,0,0,0,0,"MO","MO-01",77,18.8,1,"Dem",0,0,0,0,0,0,0,0,0,"密蘇里州","密蘇里州","民主黨","密蘇里州第01選區","民主黨絕對優勢"
"148","29","02",1210000,0,2066333.33333333,0,0,91666.6666666667,91666.6666666667,"MO","MO-02",42.3,52.6,6,"GOP",-1,-1,0,0,0,0,0,0,0,"密蘇里州","密蘇里州","共和黨","密蘇里州第02選區","共和黨優勢"
"149","29","03",1323923.07692308,4461.53846153846,2570000,0,0,201307.692307692,201307.692307692,"MO","MO-03",28.1,67.1,7,"GOP",0,0,0,0,0,0,0,0,0,"密蘇里州","密蘇里州","共和黨","密蘇里州第03選區","共和黨絕對優勢"
"150","29","04",2089891.66666667,0,3695041.66666667,0,0,380762.5,380762.5,"MO","MO-04",29.3,65.3,7,"GOP",0,0,0,0,0,0,0,0,0,"密蘇里州","密蘇里州","共和黨","密蘇里州第04選區","共和黨絕對優勢"
"151","29","05",4425200,0,12396800,0,0,11800,11800,"MO","MO-05",54.1,40.6,1,"Dem",0,0,0,0,0,1,0,1,0,"密蘇里州","密蘇里州","民主黨","密蘇里州第05選區","民主黨絕對優勢"
"152","29","06",2690250,0,7006194.44444444,0,0,121722.222222222,121722.222222222,"MO","MO-06",31.7,63.1,7,"GOP",0,0,0,0,0,0,0,0,0,"密蘇里州","密蘇里州","共和黨","密蘇里州第06選區","共和黨絕對優勢"
"153","29","07",372136.363636364,0,787000,0,0,304881.818181818,304881.818181818,"MO","MO-07",24.7,70.4,7,"GOP",0,0,0,0,0,0,0,0,0,"密蘇里州","密蘇里州","共和黨","密蘇里州第07選區","共和黨絕對優勢"
"154","29","08",2113200,0,1957633.33333333,0,0,373233.333333333,373233.333333333,"MO","MO-08",21,75.4,7,"GOP",0,0,0,0,0,0,0,0,0,"密蘇里州","密蘇里州","共和黨","密蘇里州第08選區","共和黨絕對優勢"
"155","30","AL",0,0,0,191517.857142857,752375,1166196.42857143,2110089.28571429,"MT","MT-AL",35.9,56.5,5,"GOP",-1,0,0,0,0,0,0,0,0,"蒙大拿州","蒙大拿州","共和黨","蒙大拿州選區","共和黨些微優勢"
"156","31","01",5910947.36842105,2736.84210526316,22265631.5789474,0,0,3078.94736842105,3078.94736842105,"NE","NE-01",36.2,57.5,7,"GOP",0,0,0,0,0,1,0,1,0,"內布拉斯加州","內布拉斯加州","共和黨","內布拉斯加州第01選區","共和黨絕對優勢"
"157","31","02",1463500,0,4902500,0,0,0,0,"NE","NE-02",46,48.2,5,"GOP",0,-1,0,0,0,0,0,0,0,"內布拉斯加州","內布拉斯加州","共和黨","內布拉斯加州第02選區","共和黨些微優勢"
"158","31","03",2483293.33333333,32720,15023666.6666667,0,0,528308,528308,"NE","NE-03",20,74.9,7,"GOP",0,0,0,0,0,0,0,1,0,"內布拉斯加州","內布拉斯加州","共和黨","內布拉斯加州第03選區","共和黨絕對優勢"
"159","32","01",0,0,0,0,0,0,0,"NV","NV-01",61.6,32.6,1,"Dem",0,0,0,0,0,0,0,0,0,"內華達州","內華達州","民主黨","內華達州第01選區","民主黨絕對優勢"
"160","32","02",0,0,0,0,0,0,0,"NV","NV-02",39.7,52,7,"GOP",0,0,0,0,0,0,0,0,0,"內華達州","內華達州","共和黨","內華達州第02選區","共和黨絕對優勢"
"161","32","03",0,0,0,0,0,0,0,"NV","NV-03",46.5,47.5,3,"Dem",0,0,0,0,0,0,0,0,0,"內華達州","內華達州","民主黨","內華達州第03選區","民主黨些微優勢"
"162","32","04",0,0,0,0,0,0,0,"NV","NV-04",49.5,44.6,3,"Dem",1,0,0,0,0,0,0,0,0,"內華達州","內華達州","民主黨","內華達州第04選區","民主黨些微優勢"
"163","33","01",0,0,0,0,0,0,0,"NH","NH-01",46.6,48.2,3,"Dem",-1,0,0,0,0,0,0,0,0,"新罕布夏州","新罕布夏州","民主黨","新罕布夏州第01選區","民主黨些微優勢"
"164","33","02",0,0,0,0,0,0,0,"NH","NH-02",48.7,46.3,1,"Dem",-1,0,0,0,0,0,0,0,0,"新罕布夏州","新罕布夏州","民主黨","新罕布夏州第02選區","民主黨絕對優勢"
"165","34","01",427666.666666667,0,0,0,0,0,0,"NJ","NJ-01",60.6,36.1,1,"Dem",0,0,0,0,0,0,0,0,0,"紐澤西州","紐澤西州","民主黨","紐澤西州第01選區","民主黨絕對優勢"
"166","34","10",0,0,0,0,0,0,0,"NJ","NJ-10",85.2,12.8,1,"Dem",0,0,0,0,0,0,0,0,0,"紐澤西州","紐澤西州","民主黨","紐澤西州第10選區","民主黨絕對優勢"
"167","34","11",0,0,0,0,0,0,0,"NJ","NJ-11",47.9,48.8,4,"GOP",-2,0,1,0,0,0,0,0,0,"紐澤西州","紐澤西州","共和黨","紐澤西州第11選區","兩黨拉鋸"
"168","34","12",51750,0,0,0,0,0,0,"NJ","NJ-12",65,31.8,1,"Dem",0,0,0,0,0,0,0,0,0,"紐澤西州","紐澤西州","民主黨","紐澤西州第12選區","民主黨絕對優勢"
"169","34","02",365750,0,0,0,0,0,0,"NJ","NJ-02",46,50.6,2,"GOP",-5,-1,1,0,0,0,0,0,0,"紐澤西州","紐澤西州","共和黨","紐澤西州第02選區","民主黨優勢"
"170","34","03",429000,0,0,0,0,0,0,"NJ","NJ-03",45.2,51.4,5,"GOP",-2,-1,0,0,0,0,0,0,0,"紐澤西州","紐澤西州","共和黨","紐澤西州第03選區","共和黨些微優勢"
"171","34","04",143333.333333333,0,0,0,0,0,0,"NJ","NJ-04",41,55.8,7,"GOP",0,0,0,0,0,0,0,0,0,"紐澤西州","紐澤西州","共和黨","紐澤西州第04選區","共和黨絕對優勢"
"172","34","05",131750,0,0,0,0,0,0,"NJ","NJ-05",47.7,48.8,2,"Dem",-1,0,0,0,0,0,0,0,0,"紐澤西州","紐澤西州","民主黨","紐澤西州第05選區","民主黨優勢"
"173","34","06",111500,0,0,0,0,0,0,"NJ","NJ-06",56.2,40.6,1,"Dem",0,0,0,0,0,0,0,0,0,"紐澤西州","紐澤西州","民主黨","紐澤西州第06選區","民主黨絕對優勢"
"174","34","07",129666.666666667,0,0,0,0,0,0,"NJ","NJ-07",48.6,47.5,4,"GOP",-2,-1,1,1,0,0,0,0,0,"紐澤西州","紐澤西州","共和黨","紐澤西州第07選區","兩黨拉鋸"
"175","34","08",0,0,0,0,0,0,0,"NJ","NJ-08",75.7,21.5,1,"Dem",0,0,0,0,0,0,0,0,0,"紐澤西州","紐澤西州","民主黨","紐澤西州第08選區","民主黨絕對優勢"
"176","34","09",0,0,0,0,0,0,0,"NJ","NJ-09",64.3,33.1,1,"Dem",0,0,0,0,0,0,0,0,0,"紐澤西州","紐澤西州","民主黨","紐澤西州第09選區","民主黨絕對優勢"
"177","35","01",0,0,0,0,0,0,0,"NM","NM-01",51.6,35.1,1,"Dem",0,0,0,0,0,0,0,0,0,"新墨西哥州","新墨西哥州","民主黨","新墨西哥州第01選區","民主黨絕對優勢"
"178","35","02",0,0,0,0,0,0,0,"NM","NM-02",39.9,50.1,6,"GOP",-1,0,0,0,0,0,0,0,0,"新墨西哥州","新墨西哥州","共和黨","新墨西哥州第02選區","共和黨優勢"
"179","35","03",0,0,0,0,0,0,0,"NM","NM-03",51.8,36.7,1,"Dem",0,0,0,0,0,0,0,0,0,"新墨西哥州","新墨西哥州","民主黨","新墨西哥州第03選區","民主黨絕對優勢"
"180","36","01",0,0,0,0,0,0,0,"NY","NY-01",42.2,54.5,3,"GOP",-4,0,1,0,0,0,0,0,0,"紐約州","紐約州","共和黨","紐約州第01選區","民主黨些微優勢"
"181","36","10",0,0,0,0,0,0,0,"NY","NY-10",78.3,18.8,1,"Dem",0,0,0,0,0,0,0,0,0,"紐約州","紐約州","民主黨","紐約州第10選區","民主黨絕對優勢"
"182","36","11",0,0,0,0,0,0,0,"NY","NY-11",43.8,53.6,5,"GOP",-2,-1,0,0,0,0,0,0,0,"紐約州","紐約州","共和黨","紐約州第11選區","共和黨些微優勢"
"183","36","12",0,0,0,0,0,0,0,"NY","NY-12",83.3,13.5,1,"Dem",0,0,0,0,0,0,0,0,0,"紐約州","紐約州","民主黨","紐約州第12選區","民主黨絕對優勢"
"184","36","13",0,0,0,0,0,0,0,"NY","NY-13",92.3,5.4,1,"Dem",0,0,0,0,0,0,0,0,0,"紐約州","紐約州","民主黨","紐約州第13選區","民主黨絕對優勢"
"185","36","14",0,0,0,0,0,0,0,"NY","NY-14",77.7,19.8,1,"Dem",0,0,0,0,0,0,0,0,0,"紐約州","紐約州","民主黨","紐約州第14選區","民主黨絕對優勢"
"186","36","15",0,0,0,0,0,0,0,"NY","NY-15",93.8,4.9,1,"Dem",0,0,0,0,0,0,0,0,0,"紐約州","紐約州","民主黨","紐約州第15選區","民主黨絕對優勢"
"187","36","16",0,0,0,0,0,0,0,"NY","NY-16",75.1,22.5,1,"Dem",0,0,0,0,0,0,0,0,0,"紐約州","紐約州","民主黨","紐約州第16選區","民主黨絕對優勢"
"188","36","17",0,0,0,0,0,0,0,"NY","NY-17",58.6,38.4,1,"Dem",0,0,0,0,0,0,0,0,0,"紐約州","紐約州","民主黨","紐約州第17選區","民主黨絕對優勢"
"189","36","18",32000,0,302500,0,0,0,0,"NY","NY-18",47.1,49,2,"Dem",0,1,0,0,0,0,0,0,0,"紐約州","紐約州","民主黨","紐約州第18選區","民主黨優勢"
"190","36","19",38718.1818181818,0,477818.181818182,0,0,0,0,"NY","NY-19",43.7,51,4,"GOP",-2,0,1,0,0,0,0,0,0,"紐約州","紐約州","共和黨","紐約州第19選區","兩黨拉鋸"
"191","36","02",0,0,0,0,0,0,0,"NY","NY-02",43.9,53,7,"GOP",0,0,0,0,0,0,0,0,0,"紐約州","紐約州","共和黨","紐約州第02選區","共和黨絕對優勢"
"192","36","20",29980,0,532800,0,0,0,0,"NY","NY-20",54,40.5,1,"Dem",0,0,0,0,0,0,0,0,0,"紐約州","紐約州","民主黨","紐約州第20選區","民主黨絕對優勢"
"193","36","21",48975,0,679750,0,0,0,0,"NY","NY-21",40,53.9,7,"GOP",0,0,0,0,0,0,0,0,0,"紐約州","紐約州","共和黨","紐約州第21選區","共和黨絕對優勢"
"194","36","22",72000,0,1099875,0,0,0,0,"NY","NY-22",39.3,54.8,4,"GOP",-2,0,1,0,0,0,0,0,0,"紐約州","紐約州","共和黨","紐約州第22選區","兩黨拉鋸"
"195","36","23",239545.454545455,0,1477181.81818182,0,0,0,0,"NY","NY-23",39.7,54.5,6,"GOP",0,0,0,0,0,0,0,0,0,"紐約州","紐約州","共和黨","紐約州第23選區","共和黨優勢"
"196","36","24",613250,0,3173750,0,0,0,0,"NY","NY-24",48.9,45.3,6,"GOP",0,0,0,0,0,0,0,0,0,"紐約州","紐約州","共和黨","紐約州第24選區","共和黨優勢"
"197","36","25",662000,0,3477000,0,0,0,0,"NY","NY-25",55.5,39.1,1,"Dem",0,0,0,0,0,0,0,0,0,"紐約州","紐約州","民主黨","紐約州第25選區","民主黨絕對優勢"
"198","36","26",563500,0,2387000,0,0,0,0,"NY","NY-26",57.6,38,1,"Dem",0,0,0,0,0,0,0,0,0,"紐約州","紐約州","民主黨","紐約州第26選區","民主黨絕對優勢"
"199","36","27",665250,0,2899750,0,0,0,0,"NY","NY-27",35.2,59.7,7,"GOP",0,0,0,0,0,0,0,0,0,"紐約州","紐約州","共和黨","紐約州第27選區","共和黨絕對優勢"
"200","36","03",0,0,0,0,0,0,0,"NY","NY-03",51.6,45.5,1,"Dem",-1,0,0,0,0,0,0,0,0,"紐約州","紐約州","民主黨","紐約州第03選區","民主黨絕對優勢"
"201","36","04",0,0,0,0,0,0,0,"NY","NY-04",53.4,43.8,1,"Dem",0,0,0,0,0,0,0,0,0,"紐約州","紐約州","民主黨","紐約州第04選區","民主黨絕對優勢"
"202","36","05",0,0,0,0,0,0,0,"NY","NY-05",85.7,12.7,1,"Dem",0,0,0,0,0,0,0,0,0,"紐約州","紐約州","民主黨","紐約州第05選區","民主黨絕對優勢"
"203","36","06",0,0,0,0,0,0,0,"NY","NY-06",65.1,32.1,1,"Dem",0,0,0,0,0,0,0,0,0,"紐約州","紐約州","民主黨","紐約州第06選區","民主黨絕對優勢"
"204","36","07",0,0,0,0,0,0,0,"NY","NY-07",86.9,10.4,1,"Dem",0,0,0,0,0,0,0,0,0,"紐約州","紐約州","民主黨","紐約州第07選區","民主黨絕對優勢"
"205","36","08",0,0,0,0,0,0,0,"NY","NY-08",84.6,13.5,1,"Dem",0,0,0,0,0,0,0,0,0,"紐約州","紐約州","民主黨","紐約州第08選區","民主黨絕對優勢"
"206","36","09",0,0,0,0,0,0,0,"NY","NY-09",83.5,14.4,1,"Dem",0,0,0,0,0,0,0,0,0,"紐約州","紐約州","民主黨","紐約州第09選區","民主黨絕對優勢"
"207","37","01",1036428.57142857,0,1278785.71428571,0,0,200750,200750,"NC","NC-01",67.5,30.5,1,"Dem",0,0,0,0,0,0,0,0,0,"北卡羅來納州","北卡羅來納州","民主黨","北卡羅來納州第01選區","民主黨絕對優勢"
"208","37","10",176250,0,141775,0,0,162425,162425,"NC","NC-10",36.5,61,7,"GOP",0,0,0,0,0,0,0,0,0,"北卡羅來納州","北卡羅來納州","共和黨","北卡羅來納州第10選區","共和黨絕對優勢"
"209","37","11",0,0,22668.75,0,0,0,0,"NC","NC-11",33.9,63.3,7,"GOP",0,0,0,0,0,0,0,0,0,"北卡羅來納州","北卡羅來納州","共和黨","北卡羅來納州第11選區","共和黨絕對優勢"
"210","37","12",0,0,0,0,0,25000,25000,"NC","NC-12",68.4,28.4,1,"Dem",0,0,0,0,0,0,0,0,0,"北卡羅來納州","北卡羅來納州","民主黨","北卡羅來納州第12選區","民主黨絕對優勢"
"211","37","13",375600,0,579800,0,0,234780,234780,"NC","NC-13",44,53.4,5,"GOP",-2,0,0,0,0,0,0,0,0,"北卡羅來納州","北卡羅來納州","共和黨","北卡羅來納州第13選區","共和黨些微優勢"
"212","37","02",1040333.33333333,0,516650,0,0,203000,203000,"NC","NC-02",43.6,53.2,6,"GOP",-1,0,0,0,0,0,0,0,0,"北卡羅來納州","北卡羅來納州","共和黨","北卡羅來納州第02選區","共和黨優勢"
"213","37","03",1214588.23529412,0,2397705.88235294,0,0,257294.117647059,257294.117647059,"NC","NC-03",36.9,60.5,7,"GOP",0,0,0,0,0,0,0,0,0,"北卡羅來納州","北卡羅來納州","共和黨","北卡羅來納州第03選區","共和黨絕對優勢"
"214","37","04",154666.666666667,0,111633.333333333,0,0,55633.3333333333,55633.3333333333,"NC","NC-04",68.2,28.2,1,"Dem",0,0,0,0,0,0,0,0,0,"北卡羅來納州","北卡羅來納州","民主黨","北卡羅來納州第04選區","民主黨絕對優勢"
"215","37","05",162063.636363636,0,395372.727272727,0,0,23818.1818181818,23818.1818181818,"NC","NC-05",39.8,57.3,7,"GOP",0,0,0,0,0,0,0,0,0,"北卡羅來納州","北卡羅來納州","共和黨","北卡羅來納州第05選區","共和黨絕對優勢"
"216","37","06",220000,0,220187.5,0,0,116100,116100,"NC","NC-06",41.4,56.1,7,"GOP",0,0,0,0,0,0,0,0,0,"北卡羅來納州","北卡羅來納州","共和黨","北卡羅來納州第06選區","共和黨絕對優勢"
"217","37","07",1267777.77777778,0,2464666.66666667,0,0,244222.222222222,244222.222222222,"NC","NC-07",39.9,57.6,7,"GOP",0,0,0,0,0,0,0,0,0,"北卡羅來納州","北卡羅來納州","共和黨","北卡羅來納州第07選區","共和黨絕對優勢"
"218","37","08",304285.714285714,0,648571.428571429,0,0,173985.714285714,173985.714285714,"NC","NC-08",41.1,56.1,6,"GOP",-1,-1,0,0,0,0,0,0,0,"北卡羅來納州","北卡羅來納州","共和黨","北卡羅來納州第08選區","共和黨優勢"
"219","37","09",937375,0,2154375,0,0,473125,473125,"NC","NC-09",42.8,54.4,4,"GOP",-3,-1,1,1,0,0,0,0,0,"北卡羅來納州","北卡羅來納州","共和黨","北卡羅來納州第09選區","兩黨拉鋸"
"220","38","AL",4380481.13207547,0,7783660.37735849,295794.339622642,3284867.9245283,3175.47169811321,3583837.73584906,"ND","ND-AL",27.7,64.1,7,"GOP",0,0,0,0,0,1,0,0,1,"北達科他州","北達科他州","共和黨","北達科他州選區","共和黨絕對優勢"
"221","39","01",1183000,0,1885000,0,0,51500,51500,"OH","OH-01",44.6,51.2,4,"GOP",-3,-1,1,1,0,0,0,0,0,"俄亥俄州","俄亥俄州","共和黨","俄亥俄州第01選區","兩黨拉鋸"
"222","39","10",4208000,0,10500000,0,0,252900,252900,"OH","OH-10",44,51.3,6,"GOP",-1,-1,0,0,0,1,0,1,0,"俄亥俄州","俄亥俄州","共和黨","俄亥俄州第10選區","共和黨優勢"
"223","39","11",25500,0,0,0,0,12250,12250,"OH","OH-11",80.5,17,1,"Dem",0,0,0,0,0,0,0,0,0,"俄亥俄州","俄亥俄州","民主黨","俄亥俄州第11選區","民主黨絕對優勢"
"224","39","12",2888714.28571429,0,6228571.42857143,0,0,251685.714285714,251685.714285714,"OH","OH-12",41.9,53.2,4,"GOP",-3,-1,1,1,0,0,0,0,0,"俄亥俄州","俄亥俄州","共和黨","俄亥俄州第12選區","兩黨拉鋸"
"225","39","13",806000,0,2092600,0,0,137500,137500,"OH","OH-13",51.1,44.6,1,"Dem",0,0,0,0,0,0,0,0,0,"俄亥俄州","俄亥俄州","民主黨","俄亥俄州第13選區","民主黨絕對優勢"
"226","39","14",538000,0,1160714.28571429,0,0,49328.5714285714,49328.5714285714,"OH","OH-14",42.1,53.6,6,"GOP",-1,0,0,0,0,0,0,0,0,"俄亥俄州","俄亥俄州","共和黨","俄亥俄州第14選區","共和黨優勢"
"227","39","15",3001166.66666667,0,7196250,0,0,254083.333333333,254083.333333333,"OH","OH-15",39.9,55.3,6,"GOP",-1,0,0,0,0,0,0,0,0,"俄亥俄州","俄亥俄州","共和黨","俄亥俄州第15選區","共和黨優勢"
"228","39","16",913333.333333333,0,1993833.33333333,0,0,156250,156250,"OH","OH-16",39.5,56.1,7,"GOP",0,1,0,0,0,0,0,0,0,"俄亥俄州","俄亥俄州","共和黨","俄亥俄州第16選區","共和黨絕對優勢"
"229","39","02",2411500,0,3243750,0,0,122812.5,122812.5,"OH","OH-02",39.7,55.8,7,"GOP",0,0,0,0,0,0,0,0,0,"俄亥俄州","俄亥俄州","共和黨","俄亥俄州第02選區","共和黨絕對優勢"
"230","39","03",1293000,0,2600000,0,0,137000,137000,"OH","OH-03",67,28.6,1,"Dem",0,0,0,0,0,0,0,0,0,"俄亥俄州","俄亥俄州","民主黨","俄亥俄州第03選區","民主黨絕對優勢"
"231","39","04",4728142.85714286,0,10735714.2857143,0,0,590857.142857143,590857.142857143,"OH","OH-04",30.7,64.3,7,"GOP",0,0,0,0,0,1,0,1,0,"俄亥俄州","俄亥俄州","共和黨","俄亥俄州第04選區","共和黨絕對優勢"
"232","39","05",5168071.42857143,0,10639285.7142857,0,0,1026714.28571429,1026714.28571429,"OH","OH-05",34.6,59.7,7,"GOP",0,0,0,0,0,1,0,1,0,"俄亥俄州","俄亥俄州","共和黨","俄亥俄州第05選區","共和黨絕對優勢"
"233","39","06",325833.333333333,0,976111.111111111,0,0,42361.1111111111,42361.1111111111,"OH","OH-06",26.7,69.3,7,"GOP",0,0,0,0,0,0,0,0,0,"俄亥俄州","俄亥俄州","共和黨","俄亥俄州第06選區","共和黨絕對優勢"
"234","39","07",1818700,0,3683800,0,0,227630,227630,"OH","OH-07",32.8,62.5,6,"GOP",-1,-1,0,0,0,0,0,0,0,"俄亥俄州","俄亥俄州","共和黨","俄亥俄州第07選區","共和黨優勢"
"235","39","08",4866500,0,12975000,0,0,413666.666666667,413666.666666667,"OH","OH-08",30.6,65.1,7,"GOP",0,0,0,0,0,1,0,1,0,"俄亥俄州","俄亥俄州","共和黨","俄亥俄州第08選區","共和黨絕對優勢"
"236","39","09",1377600,0,2250000,0,0,149600,149600,"OH","OH-09",58.7,36.5,1,"Dem",0,0,0,0,0,0,0,0,0,"俄亥俄州","俄亥俄州","民主黨","俄亥俄州第09選區","民主黨絕對優勢"
"237","4","01",0,0,0,182272.727272727,0,0,182272.727272727,"AZ","AZ-01",46.6,47.7,2,"Dem",-1,0,0,0,0,0,0,0,0,"亞利桑那州","亞利桑那州","民主黨","亞利桑那州第01選區","民主黨優勢"
"238","4","02",0,0,0,0,0,0,0,"AZ","AZ-02",49.6,44.7,3,"GOP",-2,0,1,0,0,0,0,0,0,"亞利桑那州","亞利桑那州","共和黨","亞利桑那州第02選區","民主黨些微優勢"
"239","4","03",0,0,0,1271400,0,0,1271400,"AZ","AZ-03",62.4,32.5,1,"Dem",0,0,0,0,0,0,0,0,0,"亞利桑那州","亞利桑那州","民主黨","亞利桑那州第03選區","民主黨絕對優勢"
"240","4","04",0,0,0,957857.142857143,0,0,957857.142857143,"AZ","AZ-04",27.5,67.7,7,"GOP",0,0,0,0,0,0,0,0,0,"亞利桑那州","亞利桑那州","共和黨","亞利桑那州第04選區","共和黨絕對優勢"
"241","4","05",0,0,0,0,0,0,0,"AZ","AZ-05",36.5,57.6,7,"GOP",0,0,0,0,0,0,0,0,0,"亞利桑那州","亞利桑那州","共和黨","亞利桑那州第05選區","共和黨絕對優勢"
"242","4","06",0,0,0,0,0,0,0,"AZ","AZ-06",42.4,52.4,6,"GOP",-1,-1,0,0,0,0,0,0,0,"亞利桑那州","亞利桑那州","共和黨","亞利桑那州第06選區","共和黨優勢"
"243","4","07",0,0,0,0,0,0,0,"AZ","AZ-07",71.8,22.6,1,"Dem",0,0,0,0,0,0,0,0,0,"亞利桑那州","亞利桑那州","民主黨","亞利桑那州第07選區","民主黨絕對優勢"
"244","4","08",0,0,0,0,0,0,0,"AZ","AZ-08",37,58.1,7,"GOP",0,1,0,0,0,0,0,0,0,"亞利桑那州","亞利桑那州","共和黨","亞利桑那州第08選區","共和黨絕對優勢"
"245","4","09",0,0,0,0,0,0,0,"AZ","AZ-09",54.7,38.4,2,"Dem",1,0,0,0,0,0,0,0,0,"亞利桑那州","亞利桑那州","民主黨","亞利桑那州第09選區","民主黨優勢"
"246","40","01",63600,0,0,0,0,105800,105800,"OK","OK-01",32.7,61.4,7,"GOP",0,0,0,0,0,0,0,0,0,"奧克拉荷馬州","奧克拉荷馬州","共和黨","奧克拉荷馬州第01選區","共和黨絕對優勢"
"247","40","02",108615.384615385,0,157846.153846154,0,0,87423.0769230769,87423.0769230769,"OK","OK-02",22.8,72.9,7,"GOP",0,0,0,0,0,0,0,0,0,"奧克拉荷馬州","奧克拉荷馬州","共和黨","奧克拉荷馬州第02選區","共和黨絕對優勢"
"248","40","03",309593.75,425437.5,316593.75,0,0,2520500,2520500,"OK","OK-03",20.9,73.6,7,"GOP",0,0,0,0,0,0,1,0,1,"奧克拉荷馬州","奧克拉荷馬州","共和黨","奧克拉荷馬州第03選區","共和黨絕對優勢"
"249","40","04",21400,0,71533.3333333333,0,0,482733.333333333,482733.333333333,"OK","OK-04",28.3,65.7,7,"GOP",0,0,0,0,0,0,0,0,0,"奧克拉荷馬州","奧克拉荷馬州","共和黨","奧克拉荷馬州第04選區","共和黨絕對優勢"
"250","40","05",65666.6666666667,0,151000,0,0,27333.3333333333,27333.3333333333,"OK","OK-05",39.8,53.2,6,"GOP",-1,0,0,0,0,0,0,0,0,"奧克拉荷馬州","奧克拉荷馬州","共和黨","奧克拉荷馬州第05選區","共和黨優勢"
"251","41","01",0,0,0,0,0,0,0,"OR","OR-01",57.3,34.5,1,"Dem",0,0,0,0,0,0,0,0,0,"奧勒岡州","奧勒岡州","民主黨","奧勒岡州第01選區","民主黨絕對優勢"
"252","41","02",0,0,0,0,154100,1889000,2043100,"OR","OR-02",36.4,56.5,7,"GOP",0,0,0,0,0,0,0,0,0,"奧勒岡州","奧勒岡州","共和黨","奧勒岡州第02選區","共和黨絕對優勢"
"253","41","03",0,0,0,0,0,0,0,"OR","OR-03",70.7,22.5,1,"Dem",0,0,0,0,0,0,0,0,0,"奧勒岡州","奧勒岡州","民主黨","奧勒岡州第03選區","民主黨絕對優勢"
"254","41","04",0,0,0,0,0,0,0,"OR","OR-04",46.1,46,1,"Dem",0,0,0,0,0,0,0,0,0,"奧勒岡州","奧勒岡州","民主黨","奧勒岡州第04選區","民主黨絕對優勢"
"255","41","05",0,0,0,0,0,0,0,"OR","OR-05",48.3,44.1,1,"Dem",0,0,0,0,0,0,0,0,0,"奧勒岡州","奧勒岡州","民主黨","奧勒岡州第05選區","民主黨絕對優勢"
"256","42","01",204500,0,905000,0,0,0,0,"PA","PA-01",49.1,47.1,4,"GOP",-1,0,1,0,0,0,0,0,0,"賓夕法尼亞州","賓州","共和黨","賓州第01選區","兩黨拉鋸"
"257","42","10",1026666.66666667,0,4960333.33333333,0,0,0,0,"PA","PA-10",43.4,52.3,6,"GOP",-1,0,0,0,0,0,0,0,0,"賓夕法尼亞州","賓州","共和黨","賓州第10選區","共和黨優勢"
"258","42","11",2102500,0,11701500,0,0,0,0,"PA","PA-11",34.7,60.5,7,"GOP",1,0,0,0,0,0,0,1,0,"賓夕法尼亞州","賓州","共和黨","賓州第11選區","共和黨絕對優勢"
"259","42","12",319160,0,1994800,0,0,0,0,"PA","PA-12",29.7,66.1,7,"GOP",0,0,0,0,0,0,0,0,0,"賓夕法尼亞州","賓州","共和黨","賓州第12選區","共和黨絕對優勢"
"260","42","13",535000,0,2600500,0,0,0,0,"PA","PA-13",25.5,71.2,7,"GOP",0,0,0,0,0,0,0,0,0,"賓夕法尼亞州","賓州","共和黨","賓州第13選區","共和黨絕對優勢"
"261","42","14",196300,0,765675,0,0,0,0,"PA","PA-14",33.9,62.9,7,"Dem",1,1,0,0,1,0,0,0,0,"賓夕法尼亞州","賓州","民主黨","賓州第14選區","共和黨絕對優勢"
"262","42","15",173214.285714286,0,1141371.42857143,0,0,0,0,"PA","PA-15",26.5,69.8,7,"GOP",0,0,0,0,0,0,0,0,0,"賓夕法尼亞州","賓州","共和黨","賓州第15選區","共和黨絕對優勢"
"263","42","16",586800,0,2175400,0,0,0,0,"PA","PA-16",37.9,57.9,6,"GOP",-1,-1,0,0,0,0,0,0,0,"賓夕法尼亞州","賓州","共和黨","賓州第16選區","共和黨優勢"
"264","42","17",178666.666666667,0,1107100,0,0,0,0,"PA","PA-17",46.8,49.4,4,"GOP",-3,0,1,0,0,0,0,0,0,"賓夕法尼亞州","賓州","共和黨","賓州第17選區","兩黨拉鋸"
"265","42","18",0,0,85300,0,0,0,0,"PA","PA-18",62.1,34.6,1,"Dem",0,0,0,0,0,0,0,0,0,"賓夕法尼亞州","賓州","民主黨","賓州第18選區","民主黨絕對優勢"
"266","42","02",0,0,0,0,0,0,0,"PA","PA-02",72.9,24.9,1,"Dem",0,0,0,0,0,0,0,0,0,"賓夕法尼亞州","賓州","民主黨","賓州第02選區","民主黨絕對優勢"
"267","42","03",0,0,0,0,0,0,0,"PA","PA-03",90.9,7,1,"Dem",0,0,0,0,0,0,0,0,0,"賓夕法尼亞州","賓州","民主黨","賓州第03選區","民主黨絕對優勢"
"268","42","04",695000,0,3490000,0,0,0,0,"PA","PA-04",57.8,38.5,1,"Dem",NA,0,0,0,0,0,0,0,0,"賓夕法尼亞州","賓州","民主黨","賓州第04選區","民主黨絕對優勢"
"269","42","05",188000,0,1170000,0,0,0,0,"PA","PA-05",62.6,34.4,1,"GOP",-4,0,1,0,0,0,0,0,0,"賓夕法尼亞州","賓州","共和黨","賓州第05選區","民主黨絕對優勢"
"270","42","06",1071000,0,5830000,0,0,0,0,"PA","PA-06",52.6,43.3,2,"GOP",-4,0,1,0,0,0,0,0,0,"賓夕法尼亞州","賓州","共和黨","賓州第06選區","民主黨優勢"
"271","42","07",528000,0,2609666.66666667,0,0,0,0,"PA","PA-07",48.7,47.6,4,"GOP",-3,0,1,0,0,0,0,0,0,"賓夕法尼亞州","賓州","共和黨","賓州第07選區","兩黨拉鋸"
"272","42","08",25000,0,18000,0,0,0,0,"PA","PA-08",43.7,53.3,2,"Dem",0,0,0,0,0,0,0,0,0,"賓夕法尼亞州","賓州","民主黨","賓州第08選區","民主黨優勢"
"273","42","09",632600,0,3471750,0,0,0,0,"PA","PA-09",31,65,7,"GOP",NA,0,0,0,0,0,0,0,0,"賓夕法尼亞州","賓州","共和黨","賓州第09選區","共和黨絕對優勢"
"274","44","01",0,0,0,0,0,0,0,"RI","RI-01",60.5,34.9,1,"Dem",0,0,0,0,0,0,0,0,0,"羅德島州","羅德島州","民主黨","羅德島州第01選區","民主黨絕對優勢"
"275","44","02",0,0,0,0,0,0,0,"RI","RI-02",51.1,44,1,"Dem",0,0,0,0,0,0,0,0,0,"羅德島州","羅德島州","民主黨","羅德島州第02選區","民主黨絕對優勢"
"276","45","01",62300,0,286200,0,0,0,0,"SC","SC-01",40.4,53.5,6,"GOP",-1,-1,0,0,0,0,0,0,0,"南卡羅來納州","南卡羅來納州","共和黨","南卡羅來納州第01選區","共和黨優勢"
"277","45","02",206320,0,1380400,0,0,0,0,"SC","SC-02",38.6,56.3,7,"GOP",0,0,0,0,0,0,0,0,0,"南卡羅來納州","南卡羅來納州","共和黨","南卡羅來納州第02選區","共和黨絕對優勢"
"278","45","03",11145.4545454545,0,16818.1818181818,0,0,0,0,"SC","SC-03",29,67,7,"GOP",0,0,0,0,0,0,0,0,0,"南卡羅來納州","南卡羅來納州","共和黨","南卡羅來納州第03選區","共和黨絕對優勢"
"279","45","04",0,0,0,0,0,0,0,"SC","SC-04",34.5,60.2,7,"GOP",0,0,0,0,0,0,0,0,0,"南卡羅來納州","南卡羅來納州","共和黨","南卡羅來納州第04選區","共和黨絕對優勢"
"280","45","05",196181.818181818,0,757545.454545455,0,0,0,0,"SC","SC-05",38.8,57.3,7,"GOP",0,0,0,0,0,0,0,0,0,"南卡羅來納州","南卡羅來納州","共和黨","南卡羅來納州第05選區","共和黨絕對優勢"
"281","45","06",407881.25,0,1560562.5,0,0,0,0,"SC","SC-06",66.8,30.3,1,"Dem",0,0,0,0,0,0,0,0,0,"南卡羅來納州","南卡羅來納州","民主黨","南卡羅來納州第06選區","民主黨絕對優勢"
"282","45","07",956250,0,1833625,0,0,0,0,"SC","SC-07",39.1,58,7,"GOP",0,0,0,0,0,0,0,0,0,"南卡羅來納州","南卡羅來納州","共和黨","南卡羅來納州第07選區","共和黨絕對優勢"
"283","46","AL",3457863.63636364,26424.2424242424,9926196.96969697,0,193196.96969697,180451.515151515,373648.484848485,"SD","SD-AL",31.7,61.5,7,"GOP",0,0,0,0,0,0,0,0,0,"南達科他州","南達科他州","共和黨","南達科他州選區","共和黨絕對優勢"
"284","47","01",29250,0,93583.3333333333,0,0,0,0,"TN","TN-01",19.7,76.7,7,"GOP",0,0,0,0,0,0,0,0,0,"田納西州","田納西州","共和黨","田納西州第01選區","共和黨絕對優勢"
"285","47","02",47714.2857142857,0,41857.1428571429,0,0,1185.71428571429,1185.71428571429,"TN","TN-02",29.7,65.1,7,"GOP",0,0,0,0,0,0,0,0,0,"田納西州","田納西州","共和黨","田納西州第02選區","共和黨絕對優勢"
"286","47","03",66363.6363636364,0,95000,0,0,6909.09090909091,6909.09090909091,"TN","TN-03",30.2,65.4,7,"GOP",0,0,0,0,0,0,0,0,0,"田納西州","田納西州","共和黨","田納西州第03選區","共和黨絕對優勢"
"287","47","04",434312.5,0,768000,0,0,82312.5,82312.5,"TN","TN-04",27.4,68.6,7,"GOP",0,0,0,0,0,0,0,0,0,"田納西州","田納西州","共和黨","田納西州第04選區","共和黨絕對優勢"
"288","47","05",0,0,0,0,0,4233.33333333333,4233.33333333333,"TN","TN-05",56.6,38.2,1,"Dem",0,0,0,0,0,0,0,0,0,"田納西州","田納西州","民主黨","田納西州第05選區","民主黨絕對優勢"
"289","47","06",402657.894736842,0,721210.526315789,0,0,149615.789473684,149615.789473684,"TN","TN-06",23.7,72.6,7,"GOP",0,0,0,0,0,0,0,0,0,"田納西州","田納西州","共和黨","田納西州第06選區","共和黨絕對優勢"
"290","47","07",674473.684210526,0,994315.789473684,0,0,66657.8947368421,66657.8947368421,"TN","TN-07",28.2,67.5,7,"GOP",0,0,0,0,0,0,0,0,0,"田納西州","田納西州","共和黨","田納西州第07選區","共和黨絕對優勢"
"291","47","08",3014666.66666667,0,4260000,0,0,783333.333333333,783333.333333333,"TN","TN-08",30.7,66.3,7,"GOP",0,0,0,0,0,0,0,0,0,"田納西州","田納西州","共和黨","田納西州第08選區","共和黨絕對優勢"
"292","47","09",0,0,0,0,0,0,0,"TN","TN-09",77.5,19.8,1,"Dem",0,0,0,0,0,0,0,0,0,"田納西州","田納西州","民主黨","田納西州第09選區","民主黨絕對優勢"
"293","48","01",0,0,0,0,0,0,0,"TX","TX-01",25.3,72.2,7,"GOP",0,0,0,0,0,0,0,0,0,"德克薩斯州","德州","共和黨","德州第01選區","共和黨絕對優勢"
"294","48","10",0,49688.8888888889,376222.222222222,0,0,2888.88888888889,2888.88888888889,"TX","TX-10",43.2,52.3,7,"GOP",0,0,0,0,0,0,0,0,0,"德克薩斯州","德州","共和黨","德州第10選區","共和黨絕對優勢"
"295","48","11",0,68672.4137931034,45586.2068965517,0,0,189827.586206897,189827.586206897,"TX","TX-11",19.1,77.8,7,"GOP",0,0,0,0,0,0,0,0,0,"德克薩斯州","德州","共和黨","德州第11選區","共和黨絕對優勢"
"296","48","12",0,0,0,0,0,9666.66666666667,9666.66666666667,"TX","TX-12",32.7,62.9,7,"GOP",0,0,0,0,0,0,0,0,0,"德克薩斯州","德州","共和黨","德州第12選區","共和黨絕對優勢"
"297","48","13",0,352807.317073171,2220024.3902439,0,0,759385.365853659,759385.365853659,"TX","TX-13",16.9,79.9,7,"GOP",0,0,0,0,0,0,1,0,0,"德克薩斯州","德州","共和黨","德州第13選區","共和黨絕對優勢"
"298","48","14",50000,0,0,0,0,0,0,"TX","TX-14",38.4,58.2,7,"GOP",0,0,0,0,0,0,0,0,0,"德克薩斯州","德州","共和黨","德州第14選區","共和黨絕對優勢"
"299","48","15",0,687475,804125,0,0,21125,21125,"TX","TX-15",56.7,40,1,"Dem",0,0,0,0,0,0,1,0,0,"德克薩斯州","德州","民主黨","德州第15選區","民主黨絕對優勢"
"300","48","16",0,0,0,0,0,0,0,"TX","TX-16",67.9,27.2,1,"Dem",0,0,0,0,0,0,0,0,0,"德克薩斯州","德州","民主黨","德州第16選區","民主黨絕對優勢"
"301","48","17",0,169391.666666667,1756916.66666667,0,0,111416.666666667,111416.666666667,"TX","TX-17",38.8,56.3,7,"GOP",0,0,0,0,0,0,0,0,0,"德克薩斯州","德州","共和黨","德州第17選區","共和黨絕對優勢"
"302","48","18",0,0,0,0,0,0,0,"TX","TX-18",76.5,20,1,"Dem",0,0,0,0,0,0,0,0,0,"德克薩斯州","德州","民主黨","德州第18選區","民主黨絕對優勢"
"303","48","19",0,444558.620689655,1222793.10344828,0,0,305200,305200,"TX","TX-19",23.5,72.5,7,"GOP",0,0,0,0,0,0,1,0,0,"德克薩斯州","德州","共和黨","德州第19選區","共和黨絕對優勢"
"304","48","02",0,0,0,0,0,0,0,"TX","TX-02",43.1,52.4,7,"GOP",0,0,0,0,0,0,0,0,0,"德克薩斯州","德州","共和黨","德州第02選區","共和黨絕對優勢"
"305","48","20",0,272400,816000,0,0,80800,80800,"TX","TX-20",61,34.3,1,"Dem",0,0,0,0,0,0,1,0,0,"德克薩斯州","德州","民主黨","德州第20選區","民主黨絕對優勢"
"306","48","21",0,64760,286900,0,0,16330,16330,"TX","TX-21",42.5,52.5,5,"GOP",-1,0,0,0,0,0,0,0,0,"德克薩斯州","德州","共和黨","德州第21選區","共和黨些微優勢"
"307","48","22",109000,617000,547333.333333333,0,0,0,0,"TX","TX-22",44.2,52.1,7,"GOP",0,0,0,0,0,0,1,0,0,"德克薩斯州","德州","共和黨","德州第22選區","共和黨絕對優勢"
"308","48","23",0,65965.5172413793,296689.655172414,0,0,32000,32000,"TX","TX-23",49.8,46.4,4,"GOP",0,0,1,0,0,0,0,0,0,"德克薩斯州","德州","共和黨","德州第23選區","兩黨拉鋸"
"309","48","24",3333.33333333333,130433.333333333,0,0,0,206666.666666667,206666.666666667,"TX","TX-24",44.5,50.7,7,"GOP",0,0,0,0,0,0,0,0,0,"德克薩斯州","德州","共和黨","德州第24選區","共和黨絕對優勢"
"310","48","25",0,112361.538461538,1449153.84615385,0,0,177461.538461538,177461.538461538,"TX","TX-25",40.2,55.1,7,"GOP",0,0,0,0,0,0,0,0,0,"德克薩斯州","德州","共和黨","德州第25選區","共和黨絕對優勢"
"311","48","26",3333.33333333333,130433.333333333,0,0,0,206666.666666667,206666.666666667,"TX","TX-26",34.4,60.9,7,"GOP",0,0,0,0,0,0,0,0,0,"德克薩斯州","德州","共和黨","德州第26選區","共和黨絕對優勢"
"312","48","27",38307.6923076923,2159615.38461538,2555384.61538462,0,0,0,0,"TX","TX-27",36.5,60.1,7,"GOP",0,0,0,0,0,0,1,0,0,"德克薩斯州","德州","共和黨","德州第27選區","共和黨絕對優勢"
"313","48","28",0,554800,505444.444444444,0,0,18800,18800,"TX","TX-28",58.3,38.5,1,"Dem",0,0,0,0,0,0,1,0,0,"德克薩斯州","德州","民主黨","德州第28選區","民主黨絕對優勢"
"314","48","29",0,0,0,0,0,0,0,"TX","TX-29",71.1,25.4,1,"Dem",0,0,0,0,0,0,0,0,0,"德克薩斯州","德州","民主黨","德州第29選區","民主黨絕對優勢"
"315","48","03",0,318000,2600000,0,0,660000,660000,"TX","TX-03",40.6,54.8,7,"GOP",0,0,0,0,0,0,1,0,0,"德克薩斯州","德州","共和黨","德州第03選區","共和黨絕對優勢"
"316","48","30",0,0,0,0,0,0,0,"TX","TX-30",79.1,18.3,1,"Dem",0,0,0,0,0,0,0,0,0,"德克薩斯州","德州","民主黨","德州第30選區","民主黨絕對優勢"
"317","48","31",0,518750,8270500,0,0,319000,319000,"TX","TX-31",40.8,53.5,6,"GOP",-1,-1,0,0,0,0,1,0,0,"德克薩斯州","德州","共和黨","德州第31選區","共和黨優勢"
"318","48","32",0,159000,1300000,0,0,330000,330000,"TX","TX-32",48.5,46.6,5,"GOP",-1,0,0,0,0,0,0,0,0,"德克薩斯州","德州","共和黨","德州第32選區","共和黨些微優勢"
"319","48","33",0,0,0,0,0,0,0,"TX","TX-33",72.9,23.7,1,"Dem",0,0,0,0,0,0,0,0,0,"德克薩斯州","德州","民主黨","德州第33選區","民主黨絕對優勢"
"320","48","34",0,1650572.72727273,840636.363636364,0,0,0,0,"TX","TX-34",59.2,37.7,1,"Dem",0,0,0,0,0,0,1,0,0,"德克薩斯州","德州","民主黨","德州第34選區","民主黨絕對優勢"
"321","48","35",0,290900,923833.333333333,0,0,33633.3333333333,33633.3333333333,"TX","TX-35",64.1,30.5,1,"Dem",0,0,0,0,0,0,1,0,0,"德克薩斯州","德州","民主黨","德州第35選區","民主黨絕對優勢"
"322","48","36",19444.4444444444,0,0,0,0,0,0,"TX","TX-36",25.2,72,7,"GOP",0,0,0,0,0,0,0,0,0,"德克薩斯州","德州","共和黨","德州第36選區","共和黨絕對優勢"
"323","48","04",52222.2222222222,34666.6666666667,622222.222222222,0,0,259611.111111111,259611.111111111,"TX","TX-04",21.8,75.4,7,"GOP",0,0,0,0,0,0,0,0,0,"德克薩斯州","德州","共和黨","德州第04選區","共和黨絕對優勢"
"324","48","05",35714.2857142857,0,0,0,0,0,0,"TX","TX-05",34.3,62.7,7,"GOP",0,0,0,0,0,0,0,0,0,"德克薩斯州","德州","共和黨","德州第05選區","共和黨絕對優勢"
"325","48","06",90000,185666.666666667,2613333.33333333,0,0,238000,238000,"TX","TX-06",41.9,54.2,7,"GOP",0,0,0,0,0,0,0,0,0,"德克薩斯州","德州","共和黨","德州第06選區","共和黨絕對優勢"
"326","48","07",0,0,0,0,0,0,0,"TX","TX-07",48.5,47.1,4,"GOP",-2,-1,1,1,0,0,0,0,0,"德克薩斯州","德州","共和黨","德州第07選區","兩黨拉鋸"
"327","48","08",0,0,0,0,0,0,0,"TX","TX-08",23.9,72.7,7,"GOP",0,0,0,0,0,0,0,0,0,"德克薩斯州","德州","共和黨","德州第08選區","共和黨絕對優勢"
"328","48","09",63500,925500,821000,0,0,0,0,"TX","TX-09",79.3,18,1,"Dem",0,0,0,0,0,0,1,0,0,"德克薩斯州","德州","民主黨","德州第09選區","民主黨絕對優勢"
"329","49","01",0,0,0,0,0,0,0,"UT","UT-01",22.4,49.7,7,"GOP",0,0,0,0,0,0,0,0,0,"猶他州","猶他州","共和黨","猶他州第01選區","共和黨絕對優勢"
"330","49","02",0,0,0,0,0,0,0,"UT","UT-02",32,46,7,"GOP",0,0,0,0,0,0,0,0,0,"猶他州","猶他州","共和黨","猶他州第02選區","共和黨絕對優勢"
"331","49","03",0,0,0,0,0,0,0,"UT","UT-03",23.3,47.2,7,"GOP",0,0,0,0,0,0,0,0,0,"猶他州","猶他州","共和黨","猶他州第03選區","共和黨絕對優勢"
"332","49","04",0,0,0,0,0,0,0,"UT","UT-04",32.4,39.1,5,"GOP",-1,0,0,0,0,0,0,0,0,"猶他州","猶他州","共和黨","猶他州第04選區","共和黨些微優勢"
"333","5","01",5501166.66666667,1433.33333333333,2885000,0,0,84766.6666666667,84766.6666666667,"AR","AR-01",30.2,65,7,"GOP",0,0,0,0,0,1,0,0,0,"阿肯色州","阿肯色州","共和黨","阿肯色州第01選區","共和黨絕對優勢"
"334","5","02",446714.285714286,0,182857.142857143,0,0,0,0,"AR","AR-02",41.7,52.4,5,"GOP",-2,-1,0,0,0,0,0,0,0,"阿肯色州","阿肯色州","共和黨","阿肯色州第02選區","共和黨些微優勢"
"335","5","03",0,0,0,0,0,0,0,"AR","AR-03",30.5,61.9,7,"GOP",0,0,0,0,0,0,0,0,0,"阿肯色州","阿肯色州","共和黨","阿肯色州第03選區","共和黨絕對優勢"
"336","5","04",370742.424242424,0,487878.787878788,0,0,9575.75757575758,9575.75757575758,"AR","AR-04",31.3,64.2,7,"GOP",0,0,0,0,0,0,0,0,0,"阿肯色州","阿肯色州","共和黨","阿肯色州第04選區","共和黨絕對優勢"
"337","50","AL",0,0,0,0,0,0,0,"VT","VT-AL",56.7,30.3,1,"Dem",0,0,0,0,0,0,0,0,0,"佛蒙特州","佛蒙特州","民主黨","佛蒙特州選區","民主黨絕對優勢"
"338","51","01",362700,0,746050,0,0,155990,155990,"VA","VA-01",41.2,53.6,7,"GOP",0,0,0,0,0,0,0,0,0,"維吉尼亞州","維吉尼亞州","共和黨","維吉尼亞州第01選區","共和黨絕對優勢"
"339","51","10",46187.5,0,127250,0,0,13850,13850,"VA","VA-10",52.2,42.2,3,"GOP",-2,-1,1,0,0,0,0,0,0,"維吉尼亞州","維吉尼亞州","共和黨","維吉尼亞州第10選區","民主黨些微優勢"
"340","51","11",0,0,0,0,0,0,0,"VA","VA-11",66.9,27.5,1,"Dem",0,0,0,0,0,0,0,0,0,"維吉尼亞州","維吉尼亞州","民主黨","維吉尼亞州第11選區","民主黨絕對優勢"
"341","51","02",329777.777777778,0,466888.888888889,0,0,146444.444444444,146444.444444444,"VA","VA-02",45.4,48.8,4,"GOP",-3,-1,1,1,0,0,0,0,0,"維吉尼亞州","維吉尼亞州","共和黨","維吉尼亞州第02選區","兩黨拉鋸"
"342","51","03",314125,0,302125,0,0,62625,62625,"VA","VA-03",63.6,31.9,1,"Dem",0,0,0,0,0,0,0,0,0,"維吉尼亞州","維吉尼亞州","民主黨","維吉尼亞州第03選區","民主黨絕對優勢"
"343","51","04",325750,0,452125,0,0,73231.25,73231.25,"VA","VA-04",58.7,37.1,1,"Dem",0,0,0,0,0,0,0,0,0,"維吉尼亞州","維吉尼亞州","民主黨","維吉尼亞州第04選區","民主黨絕對優勢"
"344","51","05",109779.166666667,0,109583.333333333,0,0,30500,30500,"VA","VA-05",42.3,53.4,5,"GOP",-2,-1,0,0,0,0,0,0,0,"維吉尼亞州","維吉尼亞州","共和黨","維吉尼亞州第05選區","共和黨些微優勢"
"345","51","06",37352.6315789474,0,266210.526315789,0,0,10552.6315789474,10552.6315789474,"VA","VA-06",34.9,59.7,7,"GOP",0,0,0,0,0,0,0,0,0,"維吉尼亞州","維吉尼亞州","共和黨","維吉尼亞州第06選區","共和黨絕對優勢"
"346","51","07",211400,0,283300,0,0,24450,24450,"VA","VA-07",44,50.5,4,"GOP",-3,-2,1,1,0,0,0,0,0,"維吉尼亞州","維吉尼亞州","共和黨","維吉尼亞州第07選區","兩黨拉鋸"
"347","51","08",0,0,0,0,0,0,0,"VA","VA-08",73.5,20.9,1,"Dem",0,0,0,0,0,0,0,0,0,"維吉尼亞州","維吉尼亞州","民主黨","維吉尼亞州第08選區","民主黨絕對優勢"
"348","51","09",0,0,3272.41379310345,0,0,0,0,"VA","VA-09",27.3,68.8,7,"GOP",0,0,0,0,0,0,0,0,0,"維吉尼亞州","維吉尼亞州","共和黨","維吉尼亞州第09選區","共和黨絕對優勢"
"349","53","01",0,0,0,0,0,0,0,"WA","WA-01",54.1,37.8,1,"Dem",0,0,0,0,0,0,0,0,0,"華盛頓州","華盛頓州","民主黨","華盛頓州第01選區","民主黨絕對優勢"
"350","53","10",0,0,0,0,0,0,0,"WA","WA-10",51.3,39.9,1,"Dem",0,0,0,0,0,0,0,0,0,"華盛頓州","華盛頓州","民主黨","華盛頓州第10選區","民主黨絕對優勢"
"351","53","02",0,0,0,0,0,0,0,"WA","WA-02",56.9,34.8,1,"Dem",0,0,0,0,0,0,0,0,0,"華盛頓州","華盛頓州","民主黨","華盛頓州第02選區","民主黨絕對優勢"
"352","53","03",0,0,0,0,78500,99250,177750,"WA","WA-03",42.5,49.9,7,"GOP",0,0,0,0,0,0,0,0,0,"華盛頓州","華盛頓州","共和黨","華盛頓州第03選區","共和黨絕對優勢"
"353","53","04",0,0,926250,0,69250,6737000,6806250,"WA","WA-04",35.1,57.9,7,"GOP",0,0,0,0,0,0,0,0,1,"華盛頓州","華盛頓州","共和黨","華盛頓州第04選區","共和黨絕對優勢"
"354","53","05",0,0,0,0,1367200,7902500,9269700,"WA","WA-05",39.1,52.2,5,"GOP",-2,-1,0,0,0,0,0,0,1,"華盛頓州","華盛頓州","共和黨","華盛頓州第05選區","共和黨些微優勢"
"355","53","06",0,0,0,0,0,0,0,"WA","WA-06",51.8,39.5,1,"Dem",0,0,0,0,0,0,0,0,0,"華盛頓州","華盛頓州","民主黨","華盛頓州第06選區","民主黨絕對優勢"
"356","53","07",0,0,0,0,0,0,0,"WA","WA-07",82.1,12.2,1,"Dem",0,0,0,0,0,0,0,0,0,"華盛頓州","華盛頓州","民主黨","華盛頓州第07選區","民主黨絕對優勢"
"357","53","08",0,0,0,0,40600,1530000,1570600,"WA","WA-08",47.7,44.7,4,"GOP",0,0,1,0,0,0,0,0,0,"華盛頓州","華盛頓州","共和黨","華盛頓州第08選區","兩黨拉鋸"
"358","53","09",0,0,0,0,0,0,0,"WA","WA-09",70.5,23.3,1,"Dem",0,0,0,0,0,0,0,0,0,"華盛頓州","華盛頓州","民主黨","華盛頓州第09選區","民主黨絕對優勢"
"359","54","01",0,0,0,0,0,0,0,"WV","WV-01",26.4,68,7,"GOP",0,0,0,0,0,0,0,0,0,"西維吉尼亞州","西維吉尼亞州","共和黨","西維吉尼亞州第01選區","共和黨絕對優勢"
"360","54","02",0,0,0,0,0,0,0,"WV","WV-02",29.4,65.8,7,"GOP",0,0,0,0,0,0,0,0,0,"西維吉尼亞州","西維吉尼亞州","共和黨","西維吉尼亞州第02選區","共和黨絕對優勢"
"361","54","03",0,0,0,0,0,0,0,"WV","WV-03",23.3,72.5,4,"GOP",-3,-2,1,1,0,0,0,0,0,"西維吉尼亞州","西維吉尼亞州","共和黨","西維吉尼亞州第03選區","兩黨拉鋸"
"362","55","01",1980500,0,9719833.33333333,0,0,242000,242000,"WI","WI-01",42.3,52.6,4,"GOP",-3,-2,1,1,0,0,0,0,0,"威斯康辛州","威斯康辛州","共和黨","威斯康辛州第01選區","兩黨拉鋸"
"363","55","02",2993857.14285714,0,18724000,0,0,287971.428571429,287971.428571429,"WI","WI-02",65.8,29,1,"Dem",0,0,0,0,0,0,0,1,0,"威斯康辛州","威斯康辛州","民主黨","威斯康辛州第02選區","民主黨絕對優勢"
"364","55","03",1367388.88888889,0,8397111.11111111,0,0,21655.5555555556,21655.5555555556,"WI","WI-03",44.8,49.3,1,"Dem",-1,0,0,0,0,0,0,0,0,"威斯康辛州","威斯康辛州","民主黨","威斯康辛州第03選區","民主黨絕對優勢"
"365","55","04",504500,0,1897000,0,0,0,0,"WI","WI-04",74,21.8,1,"Dem",0,0,0,0,0,0,0,0,0,"威斯康辛州","威斯康辛州","民主黨","威斯康辛州第04選區","民主黨絕對優勢"
"366","55","05",1945333.33333333,0,9814333.33333333,0,0,261000,261000,"WI","WI-05",37.3,57.4,7,"GOP",0,0,0,0,0,0,0,0,0,"威斯康辛州","威斯康辛州","共和黨","威斯康辛州第05選區","共和黨絕對優勢"
"367","55","06",1497181.81818182,0,7947545.45454545,0,0,353863.636363636,353863.636363636,"WI","WI-06",38.8,55.7,6,"GOP",-1,0,0,0,0,0,0,0,0,"威斯康辛州","威斯康辛州","共和黨","威斯康辛州第06選區","共和黨優勢"
"368","55","07",744803.846153846,0,3219411.53846154,0,0,10576.9230769231,10576.9230769231,"WI","WI-07",37.3,57.8,7,"GOP",0,0,0,0,0,0,0,0,0,"威斯康辛州","威斯康辛州","共和黨","威斯康辛州第07選區","共和黨絕對優勢"
"369","55","08",1004000,0,3586272.72727273,0,0,276636.363636364,276636.363636364,"WI","WI-08",38.6,56.2,7,"GOP",0,0,0,0,0,0,0,0,0,"威斯康辛州","威斯康辛州","共和黨","威斯康辛州第08選區","共和黨絕對優勢"
"370","56","AL",0,0,0,0,0,0,0,"WY","WY-AL",22.5,70.1,7,"GOP",0,0,0,0,0,0,0,0,0,"懷俄明州","懷俄明州","共和黨","懷俄明州選區","共和黨絕對優勢"
"371","6","01",0,0,0,0,0,11363.6363636364,11363.6363636364,"CA","CA-01",36.5,56.2,7,"GOP",0,0,0,0,0,0,0,0,0,"加利福尼亞州","加州","共和黨","加州第01選區","共和黨絕對優勢"
"372","6","10",0,0,1567000,0,0,325000,325000,"CA","CA-10",48.5,45.5,4,"GOP",-1,0,1,0,0,0,0,0,0,"加利福尼亞州","加州","共和黨","加州第10選區","兩黨拉鋸"
"373","6","11",0,0,0,0,0,0,0,"CA","CA-11",71.5,22.7,1,"Dem",0,0,0,0,0,0,0,0,0,"加利福尼亞州","加州","民主黨","加州第11選區","民主黨絕對優勢"
"374","6","12",0,0,0,0,0,0,0,"CA","CA-12",86.2,8.7,1,"Dem",0,0,0,0,0,0,0,0,0,"加利福尼亞州","加州","民主黨","加州第12選區","民主黨絕對優勢"
"375","6","13",0,0,0,0,0,0,0,"CA","CA-13",87.4,6.8,1,"Dem",0,0,0,0,0,0,0,0,0,"加利福尼亞州","加州","民主黨","加州第13選區","民主黨絕對優勢"
"376","6","14",0,0,0,0,0,0,0,"CA","CA-14",76.9,18.2,1,"Dem",0,0,0,0,0,0,0,0,0,"加利福尼亞州","加州","民主黨","加州第14選區","民主黨絕對優勢"
"377","6","15",0,0,0,0,0,0,0,"CA","CA-15",69.9,24.2,1,"Dem",0,0,0,0,0,0,0,0,0,"加利福尼亞州","加州","民主黨","加州第15選區","民主黨絕對優勢"
"378","6","16",0,0,0,123333.333333333,0,984000,1107333.33333333,"CA","CA-16",58,36.4,1,"Dem",-1,0,0,0,0,0,0,0,0,"加利福尼亞州","加州","民主黨","加州第16選區","民主黨絕對優勢"
"379","6","17",0,0,0,0,0,0,0,"CA","CA-17",73.9,20.5,1,"Dem",0,0,0,0,0,0,0,0,0,"加利福尼亞州","加州","民主黨","加州第17選區","民主黨絕對優勢"
"380","6","18",0,0,0,0,0,0,0,"CA","CA-18",73.4,20.2,1,"Dem",0,0,0,0,0,0,0,0,0,"加利福尼亞州","加州","民主黨","加州第18選區","民主黨絕對優勢"
"381","6","19",0,0,0,0,0,0,0,"CA","CA-19",72.9,21.5,1,"Dem",0,0,0,0,0,0,0,0,0,"加利福尼亞州","加州","民主黨","加州第19選區","民主黨絕對優勢"
"382","6","02",0,0,0,0,0,0,0,"CA","CA-02",69,23.3,1,"Dem",0,0,0,0,0,0,0,0,0,"加利福尼亞州","加州","民主黨","加州第02選區","民主黨絕對優勢"
"383","6","20",0,0,0,0,0,0,0,"CA","CA-20",70.4,23.2,1,"Dem",0,0,0,0,0,0,0,0,0,"加利福尼亞州","加州","民主黨","加州第20選區","民主黨絕對優勢"
"384","6","21",0,0,0,2e+05,0,946250,1146250,"CA","CA-21",55.2,39.7,6,"GOP",0,0,0,0,0,0,0,0,0,"加利福尼亞州","加州","共和黨","加州第21選區","共和黨優勢"
"385","6","22",0,0,0,185000,0,1427500,1612500,"CA","CA-22",42.6,52.1,6,"GOP",-1,-1,0,0,0,0,0,0,0,"加利福尼亞州","加州","共和黨","加州第22選區","共和黨優勢"
"386","6","23",0,0,0,0,0,433333.333333333,433333.333333333,"CA","CA-23",36.1,58.1,7,"GOP",0,0,0,0,0,0,0,0,0,"加利福尼亞州","加州","共和黨","加州第23選區","共和黨絕對優勢"
"387","6","24",0,0,0,0,0,0,0,"CA","CA-24",56.7,36.5,2,"Dem",0,0,0,0,0,0,0,0,0,"加利福尼亞州","加州","民主黨","加州第24選區","民主黨優勢"
"388","6","25",0,0,0,0,0,0,0,"CA","CA-25",50.3,43.6,4,"GOP",-1,0,1,0,0,0,0,0,0,"加利福尼亞州","加州","共和黨","加州第25選區","兩黨拉鋸"
"389","6","26",0,0,0,0,0,0,0,"CA","CA-26",57.9,36,1,"Dem",0,0,0,0,0,0,0,0,0,"加利福尼亞州","加州","民主黨","加州第26選區","民主黨絕對優勢"
"390","6","27",0,0,0,0,0,0,0,"CA","CA-27",66,28.4,1,"Dem",0,0,0,0,0,0,0,0,0,"加利福尼亞州","加州","民主黨","加州第27選區","民主黨絕對優勢"
"391","6","28",0,0,0,0,0,0,0,"CA","CA-28",72.1,22.3,1,"Dem",0,0,0,0,0,0,0,0,0,"加利福尼亞州","加州","民主黨","加州第28選區","民主黨絕對優勢"
"392","6","29",0,0,0,0,0,0,0,"CA","CA-29",77.7,16.8,1,"Dem",0,0,0,0,0,0,0,0,0,"加利福尼亞州","加州","民主黨","加州第29選區","民主黨絕對優勢"
"393","6","03",0,0,0,0,0,255500,255500,"CA","CA-03",53,40.4,1,"Dem",0,0,0,0,0,0,0,0,0,"加利福尼亞州","加州","民主黨","加州第03選區","民主黨絕對優勢"
"394","6","30",0,0,0,0,0,0,0,"CA","CA-30",69.1,25.7,1,"Dem",0,0,0,0,0,0,0,0,0,"加利福尼亞州","加州","民主黨","加州第30選區","民主黨絕對優勢"
"395","6","31",0,0,0,0,0,0,0,"CA","CA-31",57.7,36.6,1,"Dem",0,0,0,0,0,0,0,0,0,"加利福尼亞州","加州","民主黨","加州第31選區","民主黨絕對優勢"
"396","6","32",0,0,0,0,0,0,0,"CA","CA-32",66.6,27.7,1,"Dem",0,0,0,0,0,0,0,0,0,"加利福尼亞州","加州","民主黨","加州第32選區","民主黨絕對優勢"
"397","6","33",0,0,0,0,0,0,0,"CA","CA-33",67.8,26.5,1,"Dem",0,0,0,0,0,0,0,0,0,"加利福尼亞州","加州","民主黨","加州第33選區","民主黨絕對優勢"
"398","6","34",0,0,0,0,0,0,0,"CA","CA-34",83.6,10.7,1,"Dem",0,0,0,0,0,0,0,0,0,"加利福尼亞州","加州","民主黨","加州第34選區","民主黨絕對優勢"
"399","6","35",0,0,0,0,0,0,0,"CA","CA-35",67.7,26.9,1,"Dem",0,0,0,0,0,0,0,0,0,"加利福尼亞州","加州","民主黨","加州第35選區","民主黨絕對優勢"
"400","6","36",0,0,0,90000,0,0,90000,"CA","CA-36",52.2,43.4,1,"Dem",0,0,0,0,0,0,0,0,0,"加利福尼亞州","加州","民主黨","加州第36選區","民主黨絕對優勢"
"401","6","37",0,0,0,0,0,0,0,"CA","CA-37",85.7,9.6,1,"Dem",0,0,0,0,0,0,0,0,0,"加利福尼亞州","加州","民主黨","加州第37選區","民主黨絕對優勢"
"402","6","38",0,0,0,0,0,0,0,"CA","CA-38",67,27.4,1,"Dem",0,0,0,0,0,0,0,0,0,"加利福尼亞州","加州","民主黨","加州第38選區","民主黨絕對優勢"
"403","6","39",0,0,0,0,0,0,0,"CA","CA-39",51.5,42.9,4,"GOP",-2,0,1,0,0,0,0,0,0,"加利福尼亞州","加州","共和黨","加州第39選區","兩黨拉鋸"
"404","6","04",0,0,0,37000,0,155500,192500,"CA","CA-04",39.3,54,6,"GOP",-1,-1,0,0,0,0,0,0,0,"加利福尼亞州","加州","共和黨","加州第04選區","共和黨優勢"
"405","6","40",0,0,0,0,0,0,0,"CA","CA-40",82.2,12.8,1,"Dem",0,0,0,0,0,0,0,0,0,"加利福尼亞州","加州","民主黨","加州第40選區","民主黨絕對優勢"
"406","6","41",0,0,0,90000,0,0,90000,"CA","CA-41",61,33.1,1,"Dem",0,0,0,0,0,0,0,0,0,"加利福尼亞州","加州","民主黨","加州第41選區","民主黨絕對優勢"
"407","6","42",0,0,0,90000,0,0,90000,"CA","CA-42",41.4,53.4,7,"GOP",0,0,0,0,0,0,0,0,0,"加利福尼亞州","加州","共和黨","加州第42選區","共和黨絕對優勢"
"408","6","43",0,0,0,0,0,0,0,"CA","CA-43",78.4,16.7,1,"Dem",0,0,0,0,0,0,0,0,0,"加利福尼亞州","加州","民主黨","加州第43選區","民主黨絕對優勢"
"409","6","44",0,0,0,0,0,0,0,"CA","CA-44",83,12.3,1,"Dem",0,0,0,0,0,0,0,0,0,"加利福尼亞州","加州","民主黨","加州第44選區","民主黨絕對優勢"
"410","6","45",0,0,0,0,0,0,0,"CA","CA-45",49.8,44.4,4,"GOP",-2,-1,1,1,0,0,0,0,0,"加利福尼亞州","加州","共和黨","加州第45選區","兩黨拉鋸"
"411","6","46",0,0,0,0,0,0,0,"CA","CA-46",66.3,27.9,1,"Dem",0,0,0,0,0,0,0,0,0,"加利福尼亞州","加州","民主黨","加州第46選區","民主黨絕對優勢"
"412","6","47",0,0,0,0,0,0,0,"CA","CA-47",62.6,31,1,"Dem",0,0,0,0,0,0,0,0,0,"加利福尼亞州","加州","民主黨","加州第47選區","民主黨絕對優勢"
"413","6","48",0,0,0,0,0,0,0,"CA","CA-48",47.9,46.2,4,"GOP",-2,0,1,0,0,0,0,0,0,"加利福尼亞州","加州","共和黨","加州第48選區","兩黨拉鋸"
"414","6","49",0,0,0,0,0,0,0,"CA","CA-49",50.7,43.2,3,"GOP",-1,0,1,0,0,0,0,0,0,"加利福尼亞州","加州","共和黨","加州第49選區","民主黨些微優勢"
"415","6","05",0,0,0,0,0,124800,124800,"CA","CA-05",69.2,24.3,1,"Dem",0,0,0,0,0,0,0,0,0,"加利福尼亞州","加州","民主黨","加州第05選區","民主黨絕對優勢"
"416","6","50",0,0,0,45000,0,0,45000,"CA","CA-50",39.6,54.6,7,"GOP",0,0,0,0,0,0,0,0,0,"加利福尼亞州","加州","共和黨","加州第50選區","共和黨絕對優勢"
"417","6","51",0,0,0,690500,0,0,690500,"CA","CA-51",71.8,22.8,1,"Dem",0,0,0,0,0,0,0,0,0,"加利福尼亞州","加州","民主黨","加州第51選區","民主黨絕對優勢"
"418","6","52",0,0,0,0,0,0,0,"CA","CA-52",58.1,35.6,1,"Dem",0,0,0,0,0,0,0,0,0,"加利福尼亞州","加州","民主黨","加州第52選區","民主黨絕對優勢"
"419","6","53",0,0,0,0,0,0,0,"CA","CA-53",64.5,29.6,1,"Dem",0,0,0,0,0,0,0,0,0,"加利福尼亞州","加州","民主黨","加州第53選區","民主黨絕對優勢"
"420","6","06",0,0,0,0,0,472500,472500,"CA","CA-06",69.2,24.4,1,"Dem",0,0,0,0,0,0,0,0,0,"加利福尼亞州","加州","民主黨","加州第06選區","民主黨絕對優勢"
"421","6","07",0,0,0,0,0,0,0,"CA","CA-07",52.3,40.9,2,"Dem",-1,0,0,0,0,0,0,0,0,"加利福尼亞州","加州","民主黨","加州第07選區","民主黨優勢"
"422","6","08",0,0,0,0,0,0,0,"CA","CA-08",39.6,54.7,7,"GOP",0,0,0,0,0,0,0,0,0,"加利福尼亞州","加州","共和黨","加州第08選區","共和黨絕對優勢"
"423","6","09",0,0,1044666.66666667,0,0,206666.666666667,206666.666666667,"CA","CA-09",56.6,38,1,"Dem",0,0,0,0,0,0,0,0,0,"加利福尼亞州","加州","民主黨","加州第09選區","民主黨絕對優勢"
"424","8","01",0,0,0,0,0,518333.333333333,518333.333333333,"CO","CO-01",69,23.2,1,"Dem",0,0,0,0,0,0,0,0,0,"科羅拉多州","科羅拉多州","民主黨","科羅拉多州第01選區","民主黨絕對優勢"
"425","8","02",0,0,986454.545454545,0,0,0,0,"CO","CO-02",56.2,34.9,1,"Dem",0,0,0,0,0,0,0,0,0,"科羅拉多州","科羅拉多州","民主黨","科羅拉多州第02選區","民主黨絕對優勢"
"426","8","03",0,0,37724.1379310345,0,0,8586.20689655172,8586.20689655172,"CO","CO-03",40,52,6,"GOP",-1,-1,0,0,0,0,0,0,0,"科羅拉多州","科羅拉多州","共和黨","科羅拉多州第03選區","共和黨優勢"
"427","8","04",0,372954.545454545,6693636.36363636,0,0,2751409.09090909,2751409.09090909,"CO","CO-04",34.3,57.4,7,"GOP",0,0,0,0,0,0,1,0,1,"科羅拉多州","科羅拉多州","共和黨","科羅拉多州第04選區","共和黨絕對優勢"
"428","8","05",0,0,0,0,0,0,0,"CO","CO-05",33.2,57.2,7,"GOP",0,0,0,0,0,0,0,0,0,"科羅拉多州","科羅拉多州","共和黨","科羅拉多州第05選區","共和黨絕對優勢"
"429","8","06",0,48333.3333333333,798333.333333333,0,0,2395000,2395000,"CO","CO-06",50.2,41.3,4,"GOP",-1,0,1,0,0,0,0,0,0,"科羅拉多州","科羅拉多州","共和黨","科羅拉多州第06選區","兩黨拉鋸"
"430","8","07",0,72500,1197500,0,0,2815000,2815000,"CO","CO-07",51.4,39.4,1,"Dem",0,0,0,0,0,0,0,0,1,"科羅拉多州","科羅拉多州","民主黨","科羅拉多州第07選區","民主黨絕對優勢"
"431","9","01",0,0,0,0,0,0,0,"CT","CT-01",59.4,36.3,1,"Dem",0,0,0,0,0,0,0,0,0,"康乃狄克州","康乃狄克州","民主黨","康乃狄克州第01選區","民主黨絕對優勢"
"432","9","02",0,0,0,0,0,0,0,"CT","CT-02",48.7,45.8,1,"Dem",0,0,0,0,0,0,0,0,0,"康乃狄克州","康乃狄克州","民主黨","康乃狄克州第02選區","民主黨絕對優勢"
"433","9","03",0,0,0,0,0,0,0,"CT","CT-03",55.9,40.4,1,"Dem",0,0,0,0,0,0,0,0,0,"康乃狄克州","康乃狄克州","民主黨","康乃狄克州第03選區","民主黨絕對優勢"
"434","9","04",0,0,0,0,0,0,0,"CT","CT-04",59.6,36.6,1,"Dem",0,0,0,0,0,0,0,0,0,"康乃狄克州","康乃狄克州","民主黨","康乃狄克州第04選區","民主黨絕對優勢"
"435","9","05",0,0,0,0,0,0,0,"CT","CT-05",49.9,45.8,2,"Dem",1,1,0,0,0,0,0,0,0,"康乃狄克州","康乃狄克州","民主黨","康乃狄克州第05選區","民主黨優勢"
