"","state","district","soybean.value","sorghum.value","corn.value","wheat.sd.value","wheat.s.value","wheat.w.value","wheat.value","abbr","Code","Clinton.2016","Trump.2016","Sabato.20180724","party.cum","c.twoyears","c.aftertax","r_to_d","r_to_d_aftertax","d_to_r","state_c","state_c_abbr","party.c","district.c","curr.rate"
"1","1","01",361200,0,1592000,0,0,0,0,"AL","AL-01",34.1,63.5,7,"GOP",0,0,0,0,0,"阿拉巴馬州","阿拉巴馬州","共和黨","阿拉巴馬州第01選區","共和黨絕對優勢"
"2","1","02",223000,0,3341000,0,0,0,0,"AL","AL-02",33,64.9,7,"GOP",0,0,0,0,0,"阿拉巴馬州","阿拉巴馬州","共和黨","阿拉巴馬州第02選區","共和黨絕對優勢"
"3","1","03",469500,0,1211000,0,0,0,0,"AL","AL-03",32.3,65.3,7,"GOP",0,0,0,0,0,"阿拉巴馬州","阿拉巴馬州","共和黨","阿拉巴馬州第03選區","共和黨絕對優勢"
"4","1","04",5784500,0,12810500,0,0,0,0,"AL","AL-04",17.4,80.4,7,"GOP",0,0,0,0,0,"阿拉巴馬州","阿拉巴馬州","共和黨","阿拉巴馬州第04選區","共和黨絕對優勢"
"5","1","05",6809500,0,13902000,0,0,0,0,"AL","AL-05",31.3,64.7,7,"GOP",0,0,0,0,0,"阿拉巴馬州","阿拉巴馬州","共和黨","阿拉巴馬州第05選區","共和黨絕對優勢"
"6","1","06",70500,0,0,0,0,0,0,"AL","AL-06",26.1,70.8,7,"GOP",0,0,0,0,0,"阿拉巴馬州","阿拉巴馬州","共和黨","阿拉巴馬州第06選區","共和黨絕對優勢"
"7","1","07",745300,0,1647500,0,0,0,0,"AL","AL-07",69.8,28.6,1,"Dem",0,0,0,0,0,"阿拉巴馬州","阿拉巴馬州","民主黨","阿拉巴馬州第07選區","民主黨絕對優勢"
"8","10","AL",3710000,0,32319000,0,0,0,0,"DE","DE-AL",53.4,41.9,1,"Dem",0,0,0,0,0,"德拉瓦州","德拉瓦州","民主黨","德拉瓦州選區","民主黨絕對優勢"
"9","12","01",0,0,0,0,0,0,0,"FL","FL-01",28.2,67.5,7,"GOP",0,0,0,0,0,"佛羅里達州","佛州","共和黨","佛州第01選區","共和黨絕對優勢"
"10","12","10",0,0,0,0,0,0,0,"FL","FL-10",61.8,34.9,1,"Dem",0,0,0,0,0,"佛羅里達州","佛州","民主黨","佛州第10選區","民主黨絕對優勢"
"11","12","11",0,0,0,0,0,0,0,"FL","FL-11",32.5,64.8,7,"GOP",0,0,0,0,0,"佛羅里達州","佛州","共和黨","佛州第11選區","共和黨絕對優勢"
"12","12","12",0,0,0,0,0,0,0,"FL","FL-12",38.8,57.4,7,"GOP",0,0,0,0,0,"佛羅里達州","佛州","共和黨","佛州第12選區","共和黨絕對優勢"
"13","12","13",0,0,0,0,0,0,0,"FL","FL-13",49.6,46.4,1,"Dem",-2,-1,0,0,0,"佛羅里達州","佛州","民主黨","佛州第13選區","民主黨絕對優勢"
"14","12","14",0,0,0,0,0,0,0,"FL","FL-14",57.2,39,1,"Dem",0,0,0,0,0,"佛羅里達州","佛州","民主黨","佛州第14選區","民主黨絕對優勢"
"15","12","15",0,0,0,0,0,0,0,"FL","FL-15",43.1,53.1,6,"GOP",-1,-1,0,0,0,"佛羅里達州","佛州","共和黨","佛州第15選區","共和黨優勢"
"16","12","16",0,0,0,0,0,0,0,"FL","FL-16",43,53.7,5,"GOP",-2,-1,0,0,0,"佛羅里達州","佛州","共和黨","佛州第16選區","共和黨些微優勢"
"17","12","17",0,0,0,0,0,0,0,"FL","FL-17",35,62.2,7,"GOP",0,0,0,0,0,"佛羅里達州","佛州","共和黨","佛州第17選區","共和黨絕對優勢"
"18","12","18",0,0,0,0,0,0,0,"FL","FL-18",44.1,53.3,6,"GOP",0,0,0,0,0,"佛羅里達州","佛州","共和黨","佛州第18選區","共和黨優勢"
"19","12","19",0,0,0,0,0,0,0,"FL","FL-19",37.5,59.6,7,"GOP",0,0,0,0,0,"佛羅里達州","佛州","共和黨","佛州第19選區","共和黨絕對優勢"
"20","12","02",0,0,0,0,0,0,0,"FL","FL-02",30.6,66.2,7,"GOP",0,0,0,0,0,"佛羅里達州","佛州","共和黨","佛州第02選區","共和黨絕對優勢"
"21","12","20",0,0,0,0,0,0,0,"FL","FL-20",80.2,18.1,1,"Dem",0,0,0,0,0,"佛羅里達州","佛州","民主黨","佛州第20選區","民主黨絕對優勢"
"22","12","21",0,0,0,0,0,0,0,"FL","FL-21",58.6,39.1,1,"Dem",0,0,0,0,0,"佛羅里達州","佛州","民主黨","佛州第21選區","民主黨絕對優勢"
"23","12","22",0,0,0,0,0,0,0,"FL","FL-22",56.8,41,1,"Dem",0,0,0,0,0,"佛羅里達州","佛州","民主黨","佛州第22選區","民主黨絕對優勢"
"24","12","23",0,0,0,0,0,0,0,"FL","FL-23",61.9,35.8,1,"Dem",0,0,0,0,0,"佛羅里達州","佛州","民主黨","佛州第23選區","民主黨絕對優勢"
"25","12","24",0,0,0,0,0,0,0,"FL","FL-24",83,15.3,1,"Dem",0,0,0,0,0,"佛羅里達州","佛州","民主黨","佛州第24選區","民主黨絕對優勢"
"26","12","25",0,0,0,0,0,0,0,"FL","FL-25",47.9,49.6,6,"GOP",-1,-1,0,0,0,"佛羅里達州","佛州","共和黨","佛州第25選區","共和黨優勢"
"27","12","26",0,0,0,0,0,0,0,"FL","FL-26",56.7,40.6,6,"GOP",-1,0,0,0,0,"佛羅里達州","佛州","共和黨","佛州第26選區","共和黨優勢"
"28","12","27",0,0,0,0,0,0,0,"FL","FL-27",58.6,38.9,3,"GOP",-3,0,1,0,0,"佛羅里達州","佛州","共和黨","佛州第27選區","民主黨些微優勢"
"29","12","03",0,0,0,0,0,0,0,"FL","FL-03",40.2,56.2,7,"GOP",0,0,0,0,0,"佛羅里達州","佛州","共和黨","佛州第03選區","共和黨絕對優勢"
"30","12","04",0,0,0,0,0,0,0,"FL","FL-04",34.1,62.1,7,"GOP",0,0,0,0,0,"佛羅里達州","佛州","共和黨","佛州第04選區","共和黨絕對優勢"
"31","12","05",0,0,0,0,0,0,0,"FL","FL-05",61.3,35.9,1,"Dem",0,0,0,0,0,"佛羅里達州","佛州","民主黨","佛州第05選區","民主黨絕對優勢"
"32","12","06",0,0,0,0,0,0,0,"FL","FL-06",39.9,56.9,6,"GOP",-1,0,0,0,0,"佛羅里達州","佛州","共和黨","佛州第06選區","共和黨優勢"
"33","12","07",0,0,0,0,0,0,0,"FL","FL-07",51.4,44.1,2,"Dem",-1,0,0,0,0,"佛羅里達州","佛州","民主黨","佛州第07選區","民主黨優勢"
"34","12","08",0,0,0,0,0,0,0,"FL","FL-08",37.7,58.4,7,"GOP",0,0,0,0,0,"佛羅里達州","佛州","共和黨","佛州第08選區","共和黨絕對優勢"
"35","12","09",0,0,0,0,0,0,0,"FL","FL-09",54.8,41.9,1,"Dem",0,0,0,0,0,"佛羅里達州","佛州","民主黨","佛州第09選區","民主黨絕對優勢"
"36","13","01",31850,0,987000,0,0,0,0,"GA","GA-01",40.9,56.4,7,"GOP",0,0,0,0,0,"喬治亞州","喬治亞州","共和黨","喬治亞州第01選區","共和黨絕對優勢"
"37","13","10",11233.3333333333,0,1876000,0,0,0,0,"GA","GA-10",35.8,61.3,7,"GOP",0,0,0,0,0,"喬治亞州","喬治亞州","共和黨","喬治亞州第10選區","共和黨絕對優勢"
"38","13","11",136000,0,298000,0,0,0,0,"GA","GA-11",35.3,60.3,7,"GOP",0,0,0,0,0,"喬治亞州","喬治亞州","共和黨","喬治亞州第11選區","共和黨絕對優勢"
"39","13","12",757100,0,5057000,0,0,0,0,"GA","GA-12",40.7,56.9,7,"GOP",0,0,0,0,0,"喬治亞州","喬治亞州","共和黨","喬治亞州第12選區","共和黨絕對優勢"
"40","13","13",11233.3333333333,0,0,0,0,0,0,"GA","GA-13",71,26.6,1,"Dem",0,0,0,0,0,"喬治亞州","喬治亞州","民主黨","喬治亞州第13選區","民主黨絕對優勢"
"41","13","14",291000,0,697000,0,0,0,0,"GA","GA-14",22.1,75,7,"GOP",0,0,0,0,0,"喬治亞州","喬治亞州","共和黨","喬治亞州第14選區","共和黨絕對優勢"
"42","13","02",1189800,0,17879000,0,0,0,0,"GA","GA-02",55,43.3,1,"Dem",0,0,0,0,0,"喬治亞州","喬治亞州","民主黨","喬治亞州第02選區","民主黨絕對優勢"
"43","13","03",11233.3333333333,0,0,0,0,0,0,"GA","GA-03",32.8,64.3,7,"GOP",0,0,0,0,0,"喬治亞州","喬治亞州","共和黨","喬治亞州第03選區","共和黨絕對優勢"
"44","13","04",0,0,0,0,0,0,0,"GA","GA-04",75.3,22.2,1,"Dem",0,0,0,0,0,"喬治亞州","喬治亞州","民主黨","喬治亞州第04選區","民主黨絕對優勢"
"45","13","05",0,0,0,0,0,0,0,"GA","GA-05",85,11.9,1,"Dem",0,0,0,0,0,"喬治亞州","喬治亞州","民主黨","喬治亞州第05選區","民主黨絕對優勢"
"46","13","06",0,0,0,0,0,0,0,"GA","GA-06",46.8,48.3,5,"GOP",-1,0,0,0,0,"喬治亞州","喬治亞州","共和黨","喬治亞州第06選區","共和黨些微優勢"
"47","13","07",0,0,0,0,0,0,0,"GA","GA-07",44.8,51.1,6,"GOP",-1,-1,0,0,0,"喬治亞州","喬治亞州","共和黨","喬治亞州第07選區","共和黨優勢"
"48","13","08",525750,0,4413000,0,0,0,0,"GA","GA-08",34.4,63.3,7,"GOP",0,0,0,0,0,"喬治亞州","喬治亞州","共和黨","喬治亞州第08選區","共和黨絕對優勢"
"49","13","09",177200,0,63400,0,0,0,0,"GA","GA-09",19.3,77.8,7,"GOP",0,0,0,0,0,"喬治亞州","喬治亞州","共和黨","喬治亞州第09選區","共和黨絕對優勢"
"50","15","01",0,0,0,0,0,0,0,"HI","HI-01",63.1,30.5,1,"Dem",0,0,0,0,0,"夏威夷州","夏威夷州","民主黨","夏威夷州第01選區","民主黨絕對優勢"
"51","15","02",0,0,0,0,0,0,0,"HI","HI-02",61.4,29.6,1,"Dem",0,0,0,0,0,"夏威夷州","夏威夷州","民主黨","夏威夷州第02選區","民主黨絕對優勢"
"52","16","01",0,0,8123000,0,1625000,21902500,23527500,"ID","ID-01",25.4,63.7,7,"GOP",0,0,0,0,0,"愛達荷州","愛達荷州","共和黨","愛達荷州第01選區","共和黨絕對優勢"
"53","16","02",0,0,6418000,0,16834000,22325000,39159000,"ID","ID-02",29.8,54.5,7,"GOP",0,0,0,0,0,"愛達荷州","愛達荷州","共和黨","愛達荷州第02選區","共和黨絕對優勢"
"54","17","01",951833.333333333,0,2830500,0,0,27500,27500,"IL","IL-01",75.4,21.4,1,"Dem",0,0,0,0,0,"伊利諾州","伊利諾州","民主黨","伊利諾州第01選區","民主黨絕對優勢"
"55","17","10",0,0,380666.666666667,0,0,0,0,"IL","IL-10",62,32.6,1,"Dem",-1,0,0,0,0,"伊利諾州","伊利諾州","民主黨","伊利諾州第10選區","民主黨絕對優勢"
"56","17","11",3633083.33333333,0,13613250,0,0,87500,87500,"IL","IL-11",58.9,35.4,1,"Dem",0,0,0,0,0,"伊利諾州","伊利諾州","民主黨","伊利諾州第11選區","民主黨絕對優勢"
"57","17","12",40367333.3333333,0,62087333.3333333,0,0,6580666.66666667,6580666.66666667,"IL","IL-12",40.2,55,4,"GOP",-3,0,1,0,0,"伊利諾州","伊利諾州","共和黨","伊利諾州第12選區","兩黨拉鋸"
"58","17","13",95931333.3333333,0,318541333.333333,0,0,1614316.66666667,1614316.66666667,"IL","IL-13",44.2,49.7,6,"GOP",0,0,0,0,0,"伊利諾州","伊利諾州","共和黨","伊利諾州第13選區","共和黨優勢"
"59","17","14",8515083.33333333,0,42729416.6666667,0,0,272500,272500,"IL","IL-14",44.8,48.7,6,"GOP",-1,0,0,0,0,"伊利諾州","伊利諾州","共和黨","伊利諾州第14選區","共和黨優勢"
"60","17","15",172180333.333333,0,473731833.333333,0,0,14077966.6666667,14077966.6666667,"IL","IL-15",24.5,70.7,7,"GOP",0,0,0,0,0,"伊利諾州","伊利諾州","共和黨","伊利諾州第15選區","共和黨絕對優勢"
"61","17","16",92678833.3333333,0,428198000,0,0,1612900,1612900,"IL","IL-16",38.3,55.5,7,"GOP",0,0,0,0,0,"伊利諾州","伊利諾州","共和黨","伊利諾州第16選區","共和黨絕對優勢"
"62","17","17",70776500,0,378814000,0,0,522000,522000,"IL","IL-17",46.7,47.4,1,"Dem",-1,0,0,0,0,"伊利諾州","伊利諾州","民主黨","伊利諾州第17選區","民主黨絕對優勢"
"63","17","18",111634000,0,422418500,0,0,1041850,1041850,"IL","IL-18",33.3,60.6,7,"GOP",0,0,0,0,0,"伊利諾州","伊利諾州","共和黨","伊利諾州第18選區","共和黨絕對優勢"
"64","17","02",8228833.33333333,0,38539500,0,0,27500,27500,"IL","IL-02",78,19.1,1,"Dem",0,0,0,0,0,"伊利諾州","伊利諾州","民主黨","伊利諾州第02選區","民主黨絕對優勢"
"65","17","03",951833.333333333,0,2830500,0,0,27500,27500,"IL","IL-03",55.2,39.9,1,"Dem",0,0,0,0,0,"伊利諾州","伊利諾州","民主黨","伊利諾州第03選區","民主黨絕對優勢"
"66","17","04",0,0,0,0,0,0,0,"IL","IL-04",82.1,13.2,1,"Dem",0,0,0,0,0,"伊利諾州","伊利諾州","民主黨","伊利諾州第04選區","民主黨絕對優勢"
"67","17","05",0,0,0,0,0,0,0,"IL","IL-05",70.5,23.9,1,"Dem",0,0,0,0,0,"伊利諾州","伊利諾州","民主黨","伊利諾州第05選區","民主黨絕對優勢"
"68","17","06",2319750,0,11036416.6666667,0,0,27000,27000,"IL","IL-06",50.2,43.2,4,"GOP",-2,-1,1,1,0,"伊利諾州","伊利諾州","共和黨","伊利諾州第06選區","兩黨拉鋸"
"69","17","07",0,0,0,0,0,0,0,"IL","IL-07",87.4,9.2,1,"Dem",0,0,0,0,0,"伊利諾州","伊利諾州","民主黨","伊利諾州第07選區","民主黨絕對優勢"
"70","17","08",791250,0,3144750,0,0,27000,27000,"IL","IL-08",58.1,36.4,1,"Dem",0,0,0,0,0,"伊利諾州","伊利諾州","民主黨","伊利諾州第08選區","民主黨絕對優勢"
"71","17","09",0,0,0,0,0,0,0,"IL","IL-09",70.1,24.9,1,"Dem",0,0,0,0,0,"伊利諾州","伊利諾州","民主黨","伊利諾州第09選區","民主黨絕對優勢"
"72","18","01",8050000,0,29150000,0,0,257000,257000,"IN","IN-01",54.1,41.5,1,"Dem",0,0,0,0,0,"印第安納州","印第安納州","民主黨","印第安納州第01選區","民主黨絕對優勢"
"73","18","02",31813000,0,1.17e+08,0,0,1218000,1218000,"IN","IN-02",36.1,59.3,6,"GOP",-1,-1,0,0,0,"印第安納州","印第安納州","共和黨","印第安納州第02選區","共和黨優勢"
"74","18","03",43020000,0,102325000,0,0,3979000,3979000,"IN","IN-03",30.1,65.1,7,"GOP",0,0,0,0,0,"印第安納州","印第安納州","共和黨","印第安納州第03選區","共和黨絕對優勢"
"75","18","04",75226000,0,261900000,0,0,1512300,1512300,"IN","IN-04",30.2,64.3,7,"GOP",0,0,0,0,0,"印第安納州","印第安納州","共和黨","印第安納州第04選區","共和黨絕對優勢"
"76","18","05",26147500,0,59075000,0,0,545500,545500,"IN","IN-05",41.3,53.1,7,"GOP",0,0,0,0,0,"印第安納州","印第安納州","共和黨","印第安納州第05選區","共和黨絕對優勢"
"77","18","06",60290500,0,140840000,0,0,3058800,3058800,"IN","IN-06",27.4,67.7,7,"GOP",0,0,0,0,0,"印第安納州","印第安納州","共和黨","印第安納州第06選區","共和黨絕對優勢"
"78","18","07",198000,0,0,0,0,0,0,"IN","IN-07",59,36.2,1,"Dem",0,0,0,0,0,"印第安納州","印第安納州","民主黨","印第安納州第07選區","民主黨絕對優勢"
"79","18","08",53489000,0,163290000,0,0,4363800,4363800,"IN","IN-08",30.9,64.6,7,"GOP",0,0,0,0,0,"印第安納州","印第安納州","共和黨","印第安納州第08選區","共和黨絕對優勢"
"80","18","09",18447000,0,40330000,0,0,873600,873600,"IN","IN-09",34.2,61.1,6,"GOP",-1,-1,0,0,0,"印第安納州","印第安納州","共和黨","印第安納州第09選區","共和黨優勢"
"81","19","01",100762000,0,611122000,0,0,0,0,"IA","IA-01",45.2,48.7,4,"GOP",-2,0,1,0,0,"愛荷華州","愛荷華州","共和黨","愛荷華州第01選區","兩黨拉鋸"
"82","19","02",87117000,0,358660000,0,0,0,0,"IA","IA-02",45,49.1,1,"Dem",-1,0,0,0,0,"愛荷華州","愛荷華州","民主黨","愛荷華州第02選區","民主黨絕對優勢"
"83","19","03",82771000,0,294316000,0,0,0,0,"IA","IA-03",45,48.5,4,"GOP",-2,-1,1,1,0,"愛荷華州","愛荷華州","共和黨","愛荷華州第03選區","兩黨拉鋸"
"84","19","04",284294000,0,1322542000,0,0,0,0,"IA","IA-04",33.5,60.9,6,"GOP",-1,-1,0,0,0,"愛荷華州","愛荷華州","共和黨","愛荷華州第04選區","共和黨優勢"
"85","2","AL",0,0,0,0,0,0,0,"AK","AK-AL",37.6,52.8,7,"GOP",1,0,0,0,0,"阿拉斯加州","阿拉斯加州","共和黨","阿拉斯加州選區","共和黨絕對優勢"
"86","20","01",71726500,105889000,292931200,0,0,179139800,179139800,"KS","KS-01",24.3,69.3,7,"GOP",0,0,0,0,0,"堪薩斯州","堪薩斯州","共和黨","堪薩斯州第01選區","共和黨絕對優勢"
"87","20","02",61789000,292500,131033200,0,0,7419300,7419300,"KS","KS-02",37.4,55.8,4,"GOP",-3,-1,1,1,0,"堪薩斯州","堪薩斯州","共和黨","堪薩斯州第02選區","兩黨拉鋸"
"88","20","03",1322500,0,1660100,0,0,268500,268500,"KS","KS-03",47.2,46,5,"GOP",0,0,0,0,0,"堪薩斯州","堪薩斯州","共和黨","堪薩斯州第03選區","共和黨些微優勢"
"89","20","04",26707000,4975000,42946900,0,0,69426000,69426000,"KS","KS-04",33,60.2,7,"GOP",0,0,0,0,0,"堪薩斯州","堪薩斯州","共和黨","堪薩斯州第04選區","共和黨絕對優勢"
"90","21","01",57429500,0,145444000,0,0,18484900,18484900,"KY","KY-01",23.9,72.4,7,"GOP",0,0,0,0,0,"肯塔基州","肯塔基州","共和黨","肯塔基州第01選區","共和黨絕對優勢"
"91","21","02",25477800,0,40100650,0,0,2165600,2165600,"KY","KY-02",27.6,67.5,6,"GOP",-1,0,0,0,0,"肯塔基州","肯塔基州","共和黨","肯塔基州第02選區","共和黨優勢"
"92","21","03",0,0,41000,0,0,0,0,"KY","KY-03",54.9,39.9,1,"Dem",0,0,0,0,0,"肯塔基州","肯塔基州","民主黨","肯塔基州第03選區","民主黨絕對優勢"
"93","21","04",4087700,0,6271100,0,0,129500,129500,"KY","KY-04",29.3,65.2,7,"GOP",0,0,0,0,0,"肯塔基州","肯塔基州","共和黨","肯塔基州第04選區","共和黨絕對優勢"
"94","21","05",1991000,0,4161900,0,0,201500,201500,"KY","KY-05",17.5,79.6,7,"GOP",0,0,0,0,0,"肯塔基州","肯塔基州","共和黨","肯塔基州第05選區","共和黨絕對優勢"
"95","21","06",2498000,0,3418050,0,0,99200,99200,"KY","KY-06",39.4,54.7,4,"GOP",-3,-1,1,1,0,"肯塔基州","肯塔基州","共和黨","肯塔基州第06選區","兩黨拉鋸"
"96","22","01",0,0,0,0,0,0,0,"LA","LA-01",26.7,68.7,7,"GOP",0,0,0,0,0,"路易斯安那州","路易斯安那州","共和黨","路易斯安那州第01選區","共和黨絕對優勢"
"97","22","02",788500,0,0,0,0,0,0,"LA","LA-02",74.6,22.2,1,"Dem",0,0,0,0,0,"路易斯安那州","路易斯安那州","民主黨","路易斯安那州第02選區","民主黨絕對優勢"
"98","22","03",3744333.33333333,22166.6666666667,581000,0,0,0,0,"LA","LA-03",29.2,67.3,7,"GOP",0,0,0,0,0,"路易斯安那州","路易斯安那州","共和黨","路易斯安那州第03選區","共和黨絕對優勢"
"99","22","04",4326333.33333333,22166.6666666667,6248000,0,0,0,0,"LA","LA-04",36.6,60.6,7,"GOP",0,0,0,0,0,"路易斯安那州","路易斯安那州","共和黨","路易斯安那州第04選區","共和黨絕對優勢"
"100","22","05",51989333.3333333,604166.666666667,78226000,0,0,0,0,"LA","LA-05",34.1,63.5,7,"GOP",0,0,0,0,0,"路易斯安那州","路易斯安那州","共和黨","路易斯安那州第05選區","共和黨絕對優勢"
"101","22","06",4243500,0,2385000,0,0,0,0,"LA","LA-06",31,64.8,7,"GOP",0,0,0,0,0,"路易斯安那州","路易斯安那州","共和黨","路易斯安那州第06選區","共和黨絕對優勢"
"102","23","01",0,0,0,0,0,0,0,"ME","ME-01",54.1,39.3,1,"Dem",0,0,0,0,0,"緬因州","緬因州","民主黨","緬因州第01選區","民主黨絕對優勢"
"103","23","02",0,0,0,0,0,0,0,"ME","ME-02",41.1,51.4,5,"GOP",-1,0,0,0,0,"緬因州","緬因州","共和黨","緬因州第02選區","共和黨些微優勢"
"104","24","01",17785000,0,53685750,0,0,6234000,6234000,"MD","MD-01",33.5,61.9,7,"GOP",0,0,0,0,0,"馬里蘭州","馬里蘭州","共和黨","馬里蘭州第01選區","共和黨絕對優勢"
"105","24","02",525000,0,2345250,0,0,71000,71000,"MD","MD-02",60.2,35.6,1,"Dem",0,0,0,0,0,"馬里蘭州","馬里蘭州","民主黨","馬里蘭州第02選區","民主黨絕對優勢"
"106","24","03",175000,0,811250,0,0,0,0,"MD","MD-03",62.9,32.1,1,"Dem",0,0,0,0,0,"馬里蘭州","馬里蘭州","民主黨","馬里蘭州第03選區","民主黨絕對優勢"
"107","24","04",71500,0,116000,0,0,0,0,"MD","MD-04",77.7,19.2,1,"Dem",0,0,0,0,0,"馬里蘭州","馬里蘭州","民主黨","馬里蘭州第04選區","民主黨絕對優勢"
"108","24","05",741500,0,1408000,0,0,0,0,"MD","MD-05",63.6,32.6,1,"Dem",0,0,0,0,0,"馬里蘭州","馬里蘭州","民主黨","馬里蘭州第05選區","民主黨絕對優勢"
"109","24","06",1220000,0,2818500,0,0,475000,475000,"MD","MD-06",55.8,39.7,1,"Dem",0,0,0,0,0,"馬里蘭州","馬里蘭州","民主黨","馬里蘭州第06選區","民主黨絕對優勢"
"110","24","07",175000,0,811250,0,0,0,0,"MD","MD-07",75.5,20.5,1,"Dem",0,0,0,0,0,"馬里蘭州","馬里蘭州","民主黨","馬里蘭州第07選區","民主黨絕對優勢"
"111","24","08",1935000,0,4778000,0,0,996000,996000,"MD","MD-08",64.6,30.9,1,"Dem",0,0,0,0,0,"馬里蘭州","馬里蘭州","民主黨","馬里蘭州第08選區","民主黨絕對優勢"
"112","25","01",0,0,0,0,0,0,0,"MA","MA-01",57.2,36.5,1,"Dem",0,0,0,0,0,"馬薩諸塞州","馬薩諸塞州","民主黨","馬薩諸塞州第01選區","民主黨絕對優勢"
"113","25","02",0,0,0,0,0,0,0,"MA","MA-02",56.2,36.8,1,"Dem",0,0,0,0,0,"馬薩諸塞州","馬薩諸塞州","民主黨","馬薩諸塞州第02選區","民主黨絕對優勢"
"114","25","03",0,0,0,0,0,0,0,"MA","MA-03",58.2,35.4,1,"Dem",0,0,0,0,0,"馬薩諸塞州","馬薩諸塞州","民主黨","馬薩諸塞州第03選區","民主黨絕對優勢"
"115","25","04",0,0,0,0,0,0,0,"MA","MA-04",59.2,35,1,"Dem",0,0,0,0,0,"馬薩諸塞州","馬薩諸塞州","民主黨","馬薩諸塞州第04選區","民主黨絕對優勢"
"116","25","05",0,0,0,0,0,0,0,"MA","MA-05",69.3,25.7,1,"Dem",0,0,0,0,0,"馬薩諸塞州","馬薩諸塞州","民主黨","馬薩諸塞州第05選區","民主黨絕對優勢"
"117","25","06",0,0,0,0,0,0,0,"MA","MA-06",56.1,38.2,1,"Dem",0,0,0,0,0,"馬薩諸塞州","馬薩諸塞州","民主黨","馬薩諸塞州第06選區","民主黨絕對優勢"
"118","25","07",0,0,0,0,0,0,0,"MA","MA-07",84.1,11.9,1,"Dem",0,0,0,0,0,"馬薩諸塞州","馬薩諸塞州","民主黨","馬薩諸塞州第07選區","民主黨絕對優勢"
"119","25","08",0,0,0,0,0,0,0,"MA","MA-08",60.4,34.4,1,"Dem",0,0,0,0,0,"馬薩諸塞州","馬薩諸塞州","民主黨","馬薩諸塞州第08選區","民主黨絕對優勢"
"120","25","09",0,0,0,0,0,0,0,"MA","MA-09",52.5,41.8,1,"Dem",0,0,0,0,0,"馬薩諸塞州","馬薩諸塞州","民主黨","馬薩諸塞州第09選區","民主黨絕對優勢"
"121","26","01",284000,0,3410000,0,0,184700,184700,"MI","MI-01",36.6,57.9,6,"GOP",-1,0,0,0,0,"密西根州","密西根州","共和黨","密西根州第01選區","共和黨優勢"
"122","26","10",15524000,0,43475000,0,0,12295500,12295500,"MI","MI-10",31.6,63.8,7,"GOP",0,0,0,0,0,"密西根州","密西根州","共和黨","密西根州第10選區","共和黨絕對優勢"
"123","26","11",57500,0,140000,0,0,0,0,"MI","MI-11",45.3,49.7,4,"GOP",0,0,1,0,0,"密西根州","密西根州","共和黨","密西根州第11選區","兩黨拉鋸"
"124","26","12",1012000,0,2447500,0,0,354000,354000,"MI","MI-12",60.8,34.5,1,"Dem",0,0,0,0,0,"密西根州","密西根州","民主黨","密西根州第12選區","民主黨絕對優勢"
"125","26","13",29000,0,37500,0,0,0,0,"MI","MI-13",78.8,18.1,1,"Dem",0,0,0,0,0,"密西根州","密西根州","民主黨","密西根州第13選區","民主黨絕對優勢"
"126","26","14",57500,0,140000,0,0,0,0,"MI","MI-14",79.2,18.3,1,"Dem",0,0,0,0,0,"密西根州","密西根州","民主黨","密西根州第14選區","民主黨絕對優勢"
"127","26","02",2963500,0,11715000,0,0,534000,534000,"MI","MI-02",38.2,55.8,7,"GOP",0,0,0,0,0,"密西根州","密西根州","共和黨","密西根州第02選區","共和黨絕對優勢"
"128","26","03",7994000,0,31380000,0,0,1461000,1461000,"MI","MI-03",42.2,51.6,7,"GOP",0,0,0,0,0,"密西根州","密西根州","共和黨","密西根州第03選區","共和黨絕對優勢"
"129","26","04",18786000,0,50110000,0,0,5535700,5535700,"MI","MI-04",34.7,59.5,7,"GOP",0,0,0,0,0,"密西根州","密西根州","共和黨","密西根州第04選區","共和黨絕對優勢"
"130","26","05",9660000,0,27450000,0,0,3679000,3679000,"MI","MI-05",49.7,45.5,1,"Dem",0,0,0,0,0,"密西根州","密西根州","民主黨","密西根州第05選區","民主黨絕對優勢"
"131","26","06",9448500,0,41550000,0,0,282600,282600,"MI","MI-06",42.9,51.3,6,"GOP",-1,0,0,0,0,"密西根州","密西根州","共和黨","密西根州第06選區","共和黨優勢"
"132","26","07",22768000,0,64220000,0,0,5556000,5556000,"MI","MI-07",38.7,55.7,6,"GOP",-1,0,0,0,0,"密西根州","密西根州","共和黨","密西根州第07選區","共和黨優勢"
"133","26","08",3379500,0,9642500,0,0,878000,878000,"MI","MI-08",43.9,50.6,4,"GOP",-3,-1,1,1,0,"密西根州","密西根州","共和黨","密西根州第08選區","兩黨拉鋸"
"134","26","09",509500,0,852500,0,0,79500,79500,"MI","MI-09",51.5,43.7,1,"Dem",0,0,0,0,0,"密西根州","密西根州","民主黨","密西根州第09選區","民主黨絕對優勢"
"135","27","01",130845500,0,581885500,0,81300,0,81300,"MN","MN-01",38.4,53.3,4,"Dem",1,0,0,0,1,"明尼蘇達州","明尼蘇達州","民主黨","明尼蘇達州第01選區","兩黨拉鋸"
"136","27","02",14610166.6666667,0,79381500,0,0,0,0,"MN","MN-02",45.3,46.5,4,"GOP",0,0,1,0,0,"明尼蘇達州","明尼蘇達州","共和黨","明尼蘇達州第02選區","兩黨拉鋸"
"137","27","03",1484166.66666667,0,6685833.33333333,0,0,0,0,"MN","MN-03",50.8,41.4,4,"GOP",-2,0,1,0,0,"明尼蘇達州","明尼蘇達州","共和黨","明尼蘇達州第03選區","兩黨拉鋸"
"138","27","04",229666.666666667,0,906000,0,0,0,0,"MN","MN-04",61.5,30.6,1,"Dem",0,0,0,0,0,"明尼蘇達州","明尼蘇達州","民主黨","明尼蘇達州第04選區","民主黨絕對優勢"
"139","27","05",282666.666666667,0,1003333.33333333,0,0,0,0,"MN","MN-05",73.7,18.5,1,"Dem",0,0,0,0,0,"明尼蘇達州","明尼蘇達州","民主黨","明尼蘇達州第05選區","民主黨絕對優勢"
"140","27","06",9548333.33333333,0,46724333.3333333,0,73200,0,73200,"MN","MN-06",33.2,58.9,7,"GOP",0,0,0,0,0,"明尼蘇達州","明尼蘇達州","共和黨","明尼蘇達州第06選區","共和黨絕對優勢"
"141","27","07",213430500,0,705281500,0,58426600,0,58426600,"MN","MN-07",31,61.8,2,"Dem",-3,0,0,0,0,"明尼蘇達州","明尼蘇達州","民主黨","明尼蘇達州第07選區","民主黨優勢"
"142","27","08",4895000,0,27789500,0,138900,0,138900,"MN","MN-08",38.6,54.2,4,"Dem",1,0,0,0,1,"明尼蘇達州","明尼蘇達州","民主黨","明尼蘇達州第08選區","兩黨拉鋸"
"143","28","01",14530000,0,10905000,0,0,123000,123000,"MS","MS-01",32.4,65.4,7,"GOP",0,0,0,0,0,"密西西比州","密西西比州","共和黨","密西西比州第01選區","共和黨絕對優勢"
"144","28","02",95713000,0,73492500,0,0,266000,266000,"MS","MS-02",63.6,35.1,1,"Dem",0,0,0,0,0,"密西西比州","密西西比州","民主黨","密西西比州第02選區","民主黨絕對優勢"
"145","28","03",1922000,0,6703500,0,0,0,0,"MS","MS-03",36.8,61.3,7,"GOP",0,0,0,0,0,"密西西比州","密西西比州","共和黨","密西西比州第03選區","共和黨絕對優勢"
"146","28","04",0,0,0,0,0,0,0,"MS","MS-04",28.2,69.4,7,"GOP",0,0,0,0,0,"密西西比州","密西西比州","共和黨","密西西比州第04選區","共和黨絕對優勢"
"147","29","01",200500,0,161500,0,0,0,0,"MO","MO-01",77,18.8,1,"Dem",0,0,0,0,0,"密蘇里州","密蘇里州","民主黨","密蘇里州第01選區","民主黨絕對優勢"
"148","29","02",1780500,0,3045333.33333333,0,0,131500,131500,"MO","MO-02",42.3,52.6,6,"GOP",-1,-1,0,0,0,"密蘇里州","密蘇里州","共和黨","密蘇里州第02選區","共和黨優勢"
"149","29","03",15562000,58000,30417833.3333333,0,0,2473500,2473500,"MO","MO-03",28.1,67.1,7,"GOP",0,0,0,0,0,"密蘇里州","密蘇里州","共和黨","密蘇里州第03選區","共和黨絕對優勢"
"150","29","04",45866900,0,79693500,0,0,8523150,8523150,"MO","MO-04",29.3,65.3,7,"GOP",0,0,0,0,0,"密蘇里州","密蘇里州","共和黨","密蘇里州第04選區","共和黨絕對優勢"
"151","29","05",20688000,0,58592000,0,0,29500,29500,"MO","MO-05",54.1,40.6,1,"Dem",0,0,0,0,0,"密蘇里州","密蘇里州","民主黨","密蘇里州第05選區","民主黨絕對優勢"
"152","29","06",91148000,0,239911500,0,0,3747500,3747500,"MO","MO-06",31.7,63.1,7,"GOP",0,0,0,0,0,"密蘇里州","密蘇里州","共和黨","密蘇里州第06選區","共和黨絕對優勢"
"153","29","07",4066000,0,8589000,0,0,3343550,3343550,"MO","MO-07",24.7,70.4,7,"GOP",0,0,0,0,0,"密蘇里州","密蘇里州","共和黨","密蘇里州第07選區","共和黨絕對優勢"
"154","29","08",63258000,0,58512333.3333333,0,0,11173000,11173000,"MO","MO-08",21,75.4,7,"GOP",0,0,0,0,0,"密蘇里州","密蘇里州","共和黨","密蘇里州第08選區","共和黨絕對優勢"
"155","30","AL",0,0,0,10725000,42133000,65307000,118165000,"MT","MT-AL",35.9,56.5,5,"GOP",-1,0,0,0,0,"蒙大拿州","蒙大拿州","共和黨","蒙大拿州選區","共和黨些微優勢"
"156","31","01",106664500,26000,399834000,0,0,58500,58500,"NE","NE-01",36.2,57.5,7,"GOP",0,0,0,0,0,"內布拉斯加州","內布拉斯加州","共和黨","內布拉斯加州第01選區","共和黨絕對優勢"
"157","31","02",2092500,0,7050000,0,0,0,0,"NE","NE-02",46,48.2,5,"GOP",0,-1,0,0,0,"內布拉斯加州","內布拉斯加州","共和黨","內布拉斯加州第02選區","共和黨些微優勢"
"158","31","03",181438000,2428000,1106317000,0,0,39623100,39623100,"NE","NE-03",20,74.9,7,"GOP",0,0,0,0,0,"內布拉斯加州","內布拉斯加州","共和黨","內布拉斯加州第03選區","共和黨絕對優勢"
"159","32","01",0,0,0,0,0,0,0,"NV","NV-01",61.6,32.6,1,"Dem",0,0,0,0,0,"內華達州","內華達州","民主黨","內華達州第01選區","民主黨絕對優勢"
"160","32","02",0,0,0,0,0,0,0,"NV","NV-02",39.7,52,7,"GOP",0,0,0,0,0,"內華達州","內華達州","共和黨","內華達州第02選區","共和黨絕對優勢"
"161","32","03",0,0,0,0,0,0,0,"NV","NV-03",46.5,47.5,3,"Dem",0,0,0,0,0,"內華達州","內華達州","民主黨","內華達州第03選區","民主黨些微優勢"
"162","32","04",0,0,0,0,0,0,0,"NV","NV-04",49.5,44.6,3,"Dem",1,0,0,0,0,"內華達州","內華達州","民主黨","內華達州第04選區","民主黨些微優勢"
"163","33","01",0,0,0,0,0,0,0,"NH","NH-01",46.6,48.2,3,"Dem",-1,0,0,0,0,"新罕布夏州","新罕布夏州","民主黨","新罕布夏州第01選區","民主黨些微優勢"
"164","33","02",0,0,0,0,0,0,0,"NH","NH-02",48.7,46.3,1,"Dem",-1,0,0,0,0,"新罕布夏州","新罕布夏州","民主黨","新罕布夏州第02選區","民主黨絕對優勢"
"165","34","01",498500,0,0,0,0,0,0,"NJ","NJ-01",60.6,36.1,1,"Dem",0,0,0,0,0,"紐澤西州","紐澤西州","民主黨","紐澤西州第01選區","民主黨絕對優勢"
"166","34","10",0,0,0,0,0,0,0,"NJ","NJ-10",85.2,12.8,1,"Dem",0,0,0,0,0,"紐澤西州","紐澤西州","民主黨","紐澤西州第10選區","民主黨絕對優勢"
"167","34","11",0,0,0,0,0,0,0,"NJ","NJ-11",47.9,48.8,4,"GOP",-2,0,1,0,0,"紐澤西州","紐澤西州","共和黨","紐澤西州第11選區","兩黨拉鋸"
"168","34","12",103500,0,0,0,0,0,0,"NJ","NJ-12",65,31.8,1,"Dem",0,0,0,0,0,"紐澤西州","紐澤西州","民主黨","紐澤西州第12選區","民主黨絕對優勢"
"169","34","02",2141500,0,0,0,0,0,0,"NJ","NJ-02",46,50.6,2,"GOP",-5,-1,1,0,0,"紐澤西州","紐澤西州","共和黨","紐澤西州第02選區","民主黨優勢"
"170","34","03",286000,0,0,0,0,0,0,"NJ","NJ-03",45.2,51.4,5,"GOP",-2,-1,0,0,0,"紐澤西州","紐澤西州","共和黨","紐澤西州第03選區","共和黨些微優勢"
"171","34","04",215000,0,0,0,0,0,0,"NJ","NJ-04",41,55.8,7,"GOP",0,0,0,0,0,"紐澤西州","紐澤西州","共和黨","紐澤西州第04選區","共和黨絕對優勢"
"172","34","05",263500,0,0,0,0,0,0,"NJ","NJ-05",47.7,48.8,2,"Dem",-1,0,0,0,0,"紐澤西州","紐澤西州","民主黨","紐澤西州第05選區","民主黨優勢"
"173","34","06",111500,0,0,0,0,0,0,"NJ","NJ-06",56.2,40.6,1,"Dem",0,0,0,0,0,"紐澤西州","紐澤西州","民主黨","紐澤西州第06選區","民主黨絕對優勢"
"174","34","07",514500,0,0,0,0,0,0,"NJ","NJ-07",48.6,47.5,4,"GOP",-2,-1,1,1,0,"紐澤西州","紐澤西州","共和黨","紐澤西州第07選區","兩黨拉鋸"
"175","34","08",0,0,0,0,0,0,0,"NJ","NJ-08",75.7,21.5,1,"Dem",0,0,0,0,0,"紐澤西州","紐澤西州","民主黨","紐澤西州第08選區","民主黨絕對優勢"
"176","34","09",0,0,0,0,0,0,0,"NJ","NJ-09",64.3,33.1,1,"Dem",0,0,0,0,0,"紐澤西州","紐澤西州","民主黨","紐澤西州第09選區","民主黨絕對優勢"
"177","35","01",0,0,0,0,0,0,0,"NM","NM-01",51.6,35.1,1,"Dem",0,0,0,0,0,"新墨西哥州","新墨西哥州","民主黨","新墨西哥州第01選區","民主黨絕對優勢"
"178","35","02",0,0,0,0,0,0,0,"NM","NM-02",39.9,50.1,6,"GOP",-1,0,0,0,0,"新墨西哥州","新墨西哥州","共和黨","新墨西哥州第02選區","共和黨優勢"
"179","35","03",0,0,0,0,0,0,0,"NM","NM-03",51.8,36.7,1,"Dem",0,0,0,0,0,"新墨西哥州","新墨西哥州","民主黨","新墨西哥州第03選區","民主黨絕對優勢"
"180","36","01",0,0,0,0,0,0,0,"NY","NY-01",42.2,54.5,3,"GOP",-4,0,1,0,0,"紐約州","紐約州","共和黨","紐約州第01選區","民主黨些微優勢"
"181","36","10",0,0,0,0,0,0,0,"NY","NY-10",78.3,18.8,1,"Dem",0,0,0,0,0,"紐約州","紐約州","民主黨","紐約州第10選區","民主黨絕對優勢"
"182","36","11",0,0,0,0,0,0,0,"NY","NY-11",43.8,53.6,5,"GOP",-2,-1,0,0,0,"紐約州","紐約州","共和黨","紐約州第11選區","共和黨些微優勢"
"183","36","12",0,0,0,0,0,0,0,"NY","NY-12",83.3,13.5,1,"Dem",0,0,0,0,0,"紐約州","紐約州","民主黨","紐約州第12選區","民主黨絕對優勢"
"184","36","13",0,0,0,0,0,0,0,"NY","NY-13",92.3,5.4,1,"Dem",0,0,0,0,0,"紐約州","紐約州","民主黨","紐約州第13選區","民主黨絕對優勢"
"185","36","14",0,0,0,0,0,0,0,"NY","NY-14",77.7,19.8,1,"Dem",0,0,0,0,0,"紐約州","紐約州","民主黨","紐約州第14選區","民主黨絕對優勢"
"186","36","15",0,0,0,0,0,0,0,"NY","NY-15",93.8,4.9,1,"Dem",0,0,0,0,0,"紐約州","紐約州","民主黨","紐約州第15選區","民主黨絕對優勢"
"187","36","16",0,0,0,0,0,0,0,"NY","NY-16",75.1,22.5,1,"Dem",0,0,0,0,0,"紐約州","紐約州","民主黨","紐約州第16選區","民主黨絕對優勢"
"188","36","17",0,0,0,0,0,0,0,"NY","NY-17",58.6,38.4,1,"Dem",0,0,0,0,0,"紐約州","紐約州","民主黨","紐約州第17選區","民主黨絕對優勢"
"189","36","18",128000,0,882500,0,0,0,0,"NY","NY-18",47.1,49,2,"Dem",0,1,0,0,0,"紐約州","紐約州","民主黨","紐約州第18選區","民主黨優勢"
"190","36","19",350950,0,3721000,0,0,0,0,"NY","NY-19",43.7,51,4,"GOP",-2,0,1,0,0,"紐約州","紐約州","共和黨","紐約州第19選區","兩黨拉鋸"
"191","36","02",0,0,0,0,0,0,0,"NY","NY-02",43.9,53,7,"GOP",0,0,0,0,0,"紐約州","紐約州","共和黨","紐約州第02選區","共和黨絕對優勢"
"192","36","20",74950,0,1424500,0,0,0,0,"NY","NY-20",54,40.5,1,"Dem",0,0,0,0,0,"紐約州","紐約州","民主黨","紐約州第20選區","民主黨絕對優勢"
"193","36","21",548700,0,7555500,0,0,0,0,"NY","NY-21",40,53.9,7,"GOP",0,0,0,0,0,"紐約州","紐約州","共和黨","紐約州第21選區","共和黨絕對優勢"
"194","36","22",537000,0,7669500,0,0,0,0,"NY","NY-22",39.3,54.8,4,"GOP",-2,0,1,0,0,"紐約州","紐約州","共和黨","紐約州第22選區","兩黨拉鋸"
"195","36","23",2241500,0,14383000,0,0,0,0,"NY","NY-23",39.7,54.5,6,"GOP",0,0,0,0,0,"紐約州","紐約州","共和黨","紐約州第23選區","共和黨優勢"
"196","36","24",2453000,0,12484500,0,0,0,0,"NY","NY-24",48.9,45.3,6,"GOP",0,0,0,0,0,"紐約州","紐約州","共和黨","紐約州第24選區","共和黨優勢"
"197","36","25",331000,0,1738500,0,0,0,0,"NY","NY-25",55.5,39.1,1,"Dem",0,0,0,0,0,"紐約州","紐約州","民主黨","紐約州第25選區","民主黨絕對優勢"
"198","36","26",563500,0,2387000,0,0,0,0,"NY","NY-26",57.6,38,1,"Dem",0,0,0,0,0,"紐約州","紐約州","民主黨","紐約州第26選區","民主黨絕對優勢"
"199","36","27",4034000,0,17556000,0,0,0,0,"NY","NY-27",35.2,59.7,7,"GOP",0,0,0,0,0,"紐約州","紐約州","共和黨","紐約州第27選區","共和黨絕對優勢"
"200","36","03",0,0,0,0,0,0,0,"NY","NY-03",51.6,45.5,1,"Dem",-1,0,0,0,0,"紐約州","紐約州","民主黨","紐約州第03選區","民主黨絕對優勢"
"201","36","04",0,0,0,0,0,0,0,"NY","NY-04",53.4,43.8,1,"Dem",0,0,0,0,0,"紐約州","紐約州","民主黨","紐約州第04選區","民主黨絕對優勢"
"202","36","05",0,0,0,0,0,0,0,"NY","NY-05",85.7,12.7,1,"Dem",0,0,0,0,0,"紐約州","紐約州","民主黨","紐約州第05選區","民主黨絕對優勢"
"203","36","06",0,0,0,0,0,0,0,"NY","NY-06",65.1,32.1,1,"Dem",0,0,0,0,0,"紐約州","紐約州","民主黨","紐約州第06選區","民主黨絕對優勢"
"204","36","07",0,0,0,0,0,0,0,"NY","NY-07",86.9,10.4,1,"Dem",0,0,0,0,0,"紐約州","紐約州","民主黨","紐約州第07選區","民主黨絕對優勢"
"205","36","08",0,0,0,0,0,0,0,"NY","NY-08",84.6,13.5,1,"Dem",0,0,0,0,0,"紐約州","紐約州","民主黨","紐約州第08選區","民主黨絕對優勢"
"206","36","09",0,0,0,0,0,0,0,"NY","NY-09",83.5,14.4,1,"Dem",0,0,0,0,0,"紐約州","紐約州","民主黨","紐約州第09選區","民主黨絕對優勢"
"207","37","01",12598500,0,15648500,0,0,2641500,2641500,"NC","NC-01",67.5,30.5,1,"Dem",0,0,0,0,0,"北卡羅來納州","北卡羅來納州","民主黨","北卡羅來納州第01選區","民主黨絕對優勢"
"208","37","10",1235000,0,876350,0,0,998900,998900,"NC","NC-10",36.5,61,7,"GOP",0,0,0,0,0,"北卡羅來納州","北卡羅來納州","共和黨","北卡羅來納州第10選區","共和黨絕對優勢"
"209","37","11",0,0,352350,0,0,0,0,"NC","NC-11",33.9,63.3,7,"GOP",0,0,0,0,0,"北卡羅來納州","北卡羅來納州","共和黨","北卡羅來納州第11選區","共和黨絕對優勢"
"210","37","12",0,0,0,0,0,12500,12500,"NC","NC-12",68.4,28.4,1,"Dem",0,0,0,0,0,"北卡羅來納州","北卡羅來納州","民主黨","北卡羅來納州第12選區","民主黨絕對優勢"
"211","37","13",1328000,0,2124500,0,0,697900,697900,"NC","NC-13",44,53.4,5,"GOP",-2,0,0,0,0,"北卡羅來納州","北卡羅來納州","共和黨","北卡羅來納州第13選區","共和黨些微優勢"
"212","37","02",4415500,0,1864450,0,0,962500,962500,"NC","NC-02",43.6,53.2,6,"GOP",-1,0,0,0,0,"北卡羅來納州","北卡羅來納州","共和黨","北卡羅來納州第02選區","共和黨優勢"
"213","37","03",19472000,0,39166500,0,0,4274000,4274000,"NC","NC-03",36.9,60.5,7,"GOP",0,0,0,0,0,"北卡羅來納州","北卡羅來納州","共和黨","北卡羅來納州第03選區","共和黨絕對優勢"
"214","37","04",304000,0,322450,0,0,105900,105900,"NC","NC-04",68.2,28.2,1,"Dem",0,0,0,0,0,"北卡羅來納州","北卡羅來納州","民主黨","北卡羅來納州第04選區","民主黨絕對優勢"
"215","37","05",1607700,0,4101600,0,0,144000,144000,"NC","NC-05",39.8,57.3,7,"GOP",0,0,0,0,0,"北卡羅來納州","北卡羅來納州","共和黨","北卡羅來納州第05選區","共和黨絕對優勢"
"216","37","06",1559500,0,1584000,0,0,858800,858800,"NC","NC-06",41.4,56.1,7,"GOP",0,0,0,0,0,"北卡羅來納州","北卡羅來納州","共和黨","北卡羅來納州第06選區","共和黨絕對優勢"
"217","37","07",10190000,0,20169000,0,0,2072500,2072500,"NC","NC-07",39.9,57.6,7,"GOP",0,0,0,0,0,"北卡羅來納州","北卡羅來納州","共和黨","北卡羅來納州第07選區","共和黨絕對優勢"
"218","37","08",1466500,0,3308000,0,0,994400,994400,"NC","NC-08",41.1,56.1,6,"GOP",-1,-1,0,0,0,"北卡羅來納州","北卡羅來納州","共和黨","北卡羅來納州第08選區","共和黨優勢"
"219","37","09",6896000,0,15150000,0,0,3772500,3772500,"NC","NC-09",42.8,54.4,4,"GOP",-3,-1,1,1,0,"北卡羅來納州","北卡羅來納州","共和黨","北卡羅來納州第09選區","兩黨拉鋸"
"220","38","AL",232165500,0,412534000,15677100,174098000,168300,189943400,"ND","ND-AL",27.7,64.1,7,"GOP",0,0,0,0,0,"北達科他州","北達科他州","共和黨","北達科他州選區","共和黨絕對優勢"
"221","39","01",2249500,0,3535000,0,0,103000,103000,"OH","OH-01",44.6,51.2,4,"GOP",-3,-1,1,1,0,"俄亥俄州","俄亥俄州","共和黨","俄亥俄州第01選區","兩黨拉鋸"
"222","39","10",9460000,0,23850000,0,0,548700,548700,"OH","OH-10",44,51.3,6,"GOP",-1,-1,0,0,0,"俄亥俄州","俄亥俄州","共和黨","俄亥俄州第10選區","共和黨優勢"
"223","39","11",12750,0,0,0,0,6125,6125,"OH","OH-11",80.5,17,1,"Dem",0,0,0,0,0,"俄亥俄州","俄亥俄州","民主黨","俄亥俄州第11選區","民主黨絕對優勢"
"224","39","12",15225000,0,33366666.6666667,0,0,1332566.66666667,1332566.66666667,"OH","OH-12",41.9,53.2,4,"GOP",-3,-1,1,1,0,"俄亥俄州","俄亥俄州","共和黨","俄亥俄州第12選區","兩黨拉鋸"
"225","39","13",1647916.66666667,0,4321000,0,0,274458.333333333,274458.333333333,"OH","OH-13",51.1,44.6,1,"Dem",0,0,0,0,0,"俄亥俄州","俄亥俄州","民主黨","俄亥俄州第13選區","民主黨絕對優勢"
"226","39","14",2575250,0,5383333.33333333,0,0,195758.333333333,195758.333333333,"OH","OH-14",42.1,53.6,6,"GOP",-1,0,0,0,0,"俄亥俄州","俄亥俄州","共和黨","俄亥俄州第14選區","共和黨優勢"
"227","39","15",30206500,0,72761666.6666667,0,0,2522166.66666667,2522166.66666667,"OH","OH-15",39.9,55.3,6,"GOP",-1,0,0,0,0,"俄亥俄州","俄亥俄州","共和黨","俄亥俄州第15選區","共和黨優勢"
"228","39","16",3342416.66666667,0,7646000,0,0,596458.333333333,596458.333333333,"OH","OH-16",39.5,56.1,7,"GOP",0,1,0,0,0,"俄亥俄州","俄亥俄州","共和黨","俄亥俄州第16選區","共和黨絕對優勢"
"229","39","02",17063000,0,20990000,0,0,745300,745300,"OH","OH-02",39.7,55.8,7,"GOP",0,0,0,0,0,"俄亥俄州","俄亥俄州","共和黨","俄亥俄州第02選區","共和黨絕對優勢"
"230","39","03",431000,0,866666.666666667,0,0,45666.6666666667,45666.6666666667,"OH","OH-03",67,28.6,1,"Dem",0,0,0,0,0,"俄亥俄州","俄亥俄州","民主黨","俄亥俄州第03選區","民主黨絕對優勢"
"231","39","04",55273833.3333333,0,127833333.333333,0,0,7105500,7105500,"OH","OH-04",30.7,64.3,7,"GOP",0,0,0,0,0,"俄亥俄州","俄亥俄州","共和黨","俄亥俄州第04選區","共和黨絕對優勢"
"232","39","05",66314500,0,134408333.333333,0,0,13488000,13488000,"OH","OH-05",34.6,59.7,7,"GOP",0,0,0,0,0,"俄亥俄州","俄亥俄州","共和黨","俄亥俄州第05選區","共和黨絕對優勢"
"233","39","06",4175000,0,13035000,0,0,579900,579900,"OH","OH-06",26.7,69.3,7,"GOP",0,0,0,0,0,"俄亥俄州","俄亥俄州","共和黨","俄亥俄州第06選區","共和黨絕對優勢"
"234","39","07",10795500,0,25662666.6666667,0,0,1396300,1396300,"OH","OH-07",32.8,62.5,6,"GOP",-1,-1,0,0,0,"俄亥俄州","俄亥俄州","共和黨","俄亥俄州第07選區","共和黨優勢"
"235","39","08",25353000,0,66583333.3333333,0,0,1970000,1970000,"OH","OH-08",30.6,65.1,7,"GOP",0,0,0,0,0,"俄亥俄州","俄亥俄州","共和黨","俄亥俄州第08選區","共和黨絕對優勢"
"236","39","09",3026833.33333333,0,5625000,0,0,374000,374000,"OH","OH-09",58.7,36.5,1,"Dem",0,0,0,0,0,"俄亥俄州","俄亥俄州","民主黨","俄亥俄州第09選區","民主黨絕對優勢"
"237","4","01",0,0,0,668333.333333333,0,0,668333.333333333,"AZ","AZ-01",46.6,47.7,2,"Dem",-1,0,0,0,0,"亞利桑那州","亞利桑那州","民主黨","亞利桑那州第01選區","民主黨優勢"
"238","4","02",0,0,0,0,0,0,0,"AZ","AZ-02",49.6,44.7,3,"GOP",-2,0,1,0,0,"亞利桑那州","亞利桑那州","共和黨","亞利桑那州第02選區","民主黨些微優勢"
"239","4","03",0,0,0,2844333.33333333,0,0,2844333.33333333,"AZ","AZ-03",62.4,32.5,1,"Dem",0,0,0,0,0,"亞利桑那州","亞利桑那州","民主黨","亞利桑那州第03選區","民主黨絕對優勢"
"240","4","04",0,0,0,3192333.33333333,0,0,3192333.33333333,"AZ","AZ-04",27.5,67.7,7,"GOP",0,0,0,0,0,"亞利桑那州","亞利桑那州","共和黨","亞利桑那州第04選區","共和黨絕對優勢"
"241","4","05",0,0,0,0,0,0,0,"AZ","AZ-05",36.5,57.6,7,"GOP",0,0,0,0,0,"亞利桑那州","亞利桑那州","共和黨","亞利桑那州第05選區","共和黨絕對優勢"
"242","4","06",0,0,0,0,0,0,0,"AZ","AZ-06",42.4,52.4,6,"GOP",-1,-1,0,0,0,"亞利桑那州","亞利桑那州","共和黨","亞利桑那州第06選區","共和黨優勢"
"243","4","07",0,0,0,0,0,0,0,"AZ","AZ-07",71.8,22.6,1,"Dem",0,0,0,0,0,"亞利桑那州","亞利桑那州","民主黨","亞利桑那州第07選區","民主黨絕對優勢"
"244","4","08",0,0,0,0,0,0,0,"AZ","AZ-08",37,58.1,7,"GOP",0,1,0,0,0,"亞利桑那州","亞利桑那州","共和黨","亞利桑那州第08選區","共和黨絕對優勢"
"245","4","09",0,0,0,0,0,0,0,"AZ","AZ-09",54.7,38.4,2,"Dem",1,0,0,0,0,"亞利桑那州","亞利桑那州","民主黨","亞利桑那州第09選區","民主黨優勢"
"246","40","01",318000,0,0,0,0,512500,512500,"OK","OK-01",32.7,61.4,7,"GOP",0,0,0,0,0,"奧克拉荷馬州","奧克拉荷馬州","共和黨","奧克拉荷馬州第01選區","共和黨絕對優勢"
"247","40","02",2824000,0,4104000,0,0,2273000,2273000,"OK","OK-02",22.8,72.9,7,"GOP",0,0,0,0,0,"奧克拉荷馬州","奧克拉荷馬州","共和黨","奧克拉荷馬州第02選區","共和黨絕對優勢"
"248","40","03",9907000,13614000,10131000,0,0,78864500,78864500,"OK","OK-03",20.9,73.6,7,"GOP",0,0,0,0,0,"奧克拉荷馬州","奧克拉荷馬州","共和黨","奧克拉荷馬州第03選區","共和黨絕對優勢"
"249","40","04",321000,0,1046500,0,0,5425000,5425000,"OK","OK-04",28.3,65.7,7,"GOP",0,0,0,0,0,"奧克拉荷馬州","奧克拉荷馬州","共和黨","奧克拉荷馬州第04選區","共和黨絕對優勢"
"250","40","05",197000,0,426500,0,0,41000,41000,"OK","OK-05",39.8,53.2,6,"GOP",-1,0,0,0,0,"奧克拉荷馬州","奧克拉荷馬州","共和黨","奧克拉荷馬州第05選區","共和黨優勢"
"251","41","01",0,0,0,0,0,0,0,"OR","OR-01",57.3,34.5,1,"Dem",0,0,0,0,0,"奧勒岡州","奧勒岡州","民主黨","奧勒岡州第01選區","民主黨絕對優勢"
"252","41","02",0,0,0,0,3082000,37780000,40862000,"OR","OR-02",36.4,56.5,7,"GOP",0,0,0,0,0,"奧勒岡州","奧勒岡州","共和黨","奧勒岡州第02選區","共和黨絕對優勢"
"253","41","03",0,0,0,0,0,0,0,"OR","OR-03",70.7,22.5,1,"Dem",0,0,0,0,0,"奧勒岡州","奧勒岡州","民主黨","奧勒岡州第03選區","民主黨絕對優勢"
"254","41","04",0,0,0,0,0,0,0,"OR","OR-04",46.1,46,1,"Dem",0,0,0,0,0,"奧勒岡州","奧勒岡州","民主黨","奧勒岡州第04選區","民主黨絕對優勢"
"255","41","05",0,0,0,0,0,0,0,"OR","OR-05",48.3,44.1,1,"Dem",0,0,0,0,0,"奧勒岡州","奧勒岡州","民主黨","奧勒岡州第05選區","民主黨絕對優勢"
"256","42","01",409000,0,1810000,0,0,0,0,"PA","PA-01",49.1,47.1,4,"GOP",-1,0,1,0,0,"賓夕法尼亞州","賓州","共和黨","賓州第01選區","兩黨拉鋸"
"257","42","10",1540000,0,7440500,0,0,0,0,"PA","PA-10",43.4,52.3,6,"GOP",-1,0,0,0,0,"賓夕法尼亞州","賓州","共和黨","賓州第10選區","共和黨優勢"
"258","42","11",3174500,0,18072000,0,0,0,0,"PA","PA-11",34.7,60.5,7,"GOP",1,0,0,0,0,"賓夕法尼亞州","賓州","共和黨","賓州第11選區","共和黨絕對優勢"
"259","42","12",3736400,0,23556000,0,0,0,0,"PA","PA-12",29.7,66.1,7,"GOP",0,0,0,0,0,"賓夕法尼亞州","賓州","共和黨","賓州第12選區","共和黨絕對優勢"
"260","42","13",4603500,0,23064000,0,0,0,0,"PA","PA-13",25.5,71.2,7,"GOP",0,0,0,0,0,"賓夕法尼亞州","賓州","共和黨","賓州第13選區","共和黨絕對優勢"
"261","42","14",548200,0,2231200,0,0,0,0,"PA","PA-14",33.9,62.9,7,"Dem",1,1,0,0,1,"賓夕法尼亞州","賓州","民主黨","賓州第14選區","共和黨絕對優勢"
"262","42","15",1893000,0,12077533.3333333,0,0,0,0,"PA","PA-15",26.5,69.8,7,"GOP",0,0,0,0,0,"賓夕法尼亞州","賓州","共和黨","賓州第15選區","共和黨絕對優勢"
"263","42","16",2670000,0,9042333.33333333,0,0,0,0,"PA","PA-16",37.9,57.9,6,"GOP",-1,-1,0,0,0,"賓夕法尼亞州","賓州","共和黨","賓州第16選區","共和黨優勢"
"264","42","17",272000,0,1443983.33333333,0,0,0,0,"PA","PA-17",46.8,49.4,4,"GOP",-3,0,1,0,0,"賓夕法尼亞州","賓州","共和黨","賓州第17選區","兩黨拉鋸"
"265","42","18",0,0,42650,0,0,0,0,"PA","PA-18",62.1,34.6,1,"Dem",0,0,0,0,0,"賓夕法尼亞州","賓州","民主黨","賓州第18選區","民主黨絕對優勢"
"266","42","02",0,0,0,0,0,0,0,"PA","PA-02",72.9,24.9,1,"Dem",0,0,0,0,0,"賓夕法尼亞州","賓州","民主黨","賓州第02選區","民主黨絕對優勢"
"267","42","03",0,0,0,0,0,0,0,"PA","PA-03",90.9,7,1,"Dem",0,0,0,0,0,"賓夕法尼亞州","賓州","民主黨","賓州第03選區","民主黨絕對優勢"
"268","42","04",463333.333333333,0,2326666.66666667,0,0,0,0,"PA","PA-04",57.8,38.5,1,"Dem",NA,0,0,0,0,"賓夕法尼亞州","賓州","民主黨","賓州第04選區","民主黨絕對優勢"
"269","42","05",376000,0,2340000,0,0,0,0,"PA","PA-05",62.6,34.4,1,"GOP",-4,0,1,0,0,"賓夕法尼亞州","賓州","共和黨","賓州第05選區","民主黨絕對優勢"
"270","42","06",839333.333333333,0,4666666.66666667,0,0,0,0,"PA","PA-06",52.6,43.3,2,"GOP",-4,0,1,0,0,"賓夕法尼亞州","賓州","共和黨","賓州第06選區","民主黨優勢"
"271","42","07",1584000,0,7829000,0,0,0,0,"PA","PA-07",48.7,47.6,4,"GOP",-3,0,1,0,0,"賓夕法尼亞州","賓州","共和黨","賓州第07選區","兩黨拉鋸"
"272","42","08",62500,0,90000,0,0,0,0,"PA","PA-08",43.7,53.3,2,"Dem",0,0,0,0,0,"賓夕法尼亞州","賓州","民主黨","賓州第08選區","民主黨優勢"
"273","42","09",3288633.33333333,0,18821666.6666667,0,0,0,0,"PA","PA-09",31,65,7,"GOP",NA,0,0,0,0,"賓夕法尼亞州","賓州","共和黨","賓州第09選區","共和黨絕對優勢"
"274","44","01",0,0,0,0,0,0,0,"RI","RI-01",60.5,34.9,1,"Dem",0,0,0,0,0,"羅德島州","羅德島州","民主黨","羅德島州第01選區","民主黨絕對優勢"
"275","44","02",0,0,0,0,0,0,0,"RI","RI-02",51.1,44,1,"Dem",0,0,0,0,0,"羅德島州","羅德島州","民主黨","羅德島州第02選區","民主黨絕對優勢"
"276","45","01",155750,0,715500,0,0,0,0,"SC","SC-01",40.4,53.5,6,"GOP",-1,-1,0,0,0,"南卡羅來納州","南卡羅來納州","共和黨","南卡羅來納州第01選區","共和黨優勢"
"277","45","02",645600,0,4036500,0,0,0,0,"SC","SC-02",38.6,56.3,7,"GOP",0,0,0,0,0,"南卡羅來納州","南卡羅來納州","共和黨","南卡羅來納州第02選區","共和黨絕對優勢"
"278","45","03",75100,0,185000,0,0,0,0,"SC","SC-03",29,67,7,"GOP",0,0,0,0,0,"南卡羅來納州","南卡羅來納州","共和黨","南卡羅來納州第03選區","共和黨絕對優勢"
"279","45","04",0,0,0,0,0,0,0,"SC","SC-04",34.5,60.2,7,"GOP",0,0,0,0,0,"南卡羅來納州","南卡羅來納州","共和黨","南卡羅來納州第04選區","共和黨絕對優勢"
"280","45","05",1600500,0,6326500,0,0,0,0,"SC","SC-05",38.8,57.3,7,"GOP",0,0,0,0,0,"南卡羅來納州","南卡羅來納州","共和黨","南卡羅來納州第05選區","共和黨絕對優勢"
"281","45","06",4705350,0,18008500,0,0,0,0,"SC","SC-06",66.8,30.3,1,"Dem",0,0,0,0,0,"南卡羅來納州","南卡羅來納州","民主黨","南卡羅來納州第06選區","民主黨絕對優勢"
"282","45","07",6881000,0,13296000,0,0,0,0,"SC","SC-07",39.1,58,7,"GOP",0,0,0,0,0,"南卡羅來納州","南卡羅來納州","共和黨","南卡羅來納州第07選區","共和黨絕對優勢"
"283","46","AL",228219000,1744000,655129000,0,12751000,11909800,24660800,"SD","SD-AL",31.7,61.5,7,"GOP",0,0,0,0,0,"南達科他州","南達科他州","共和黨","南達科他州選區","共和黨絕對優勢"
"284","47","01",283500,0,1123000,0,0,0,0,"TN","TN-01",19.7,76.7,7,"GOP",0,0,0,0,0,"田納西州","田納西州","共和黨","田納西州第01選區","共和黨絕對優勢"
"285","47","02",266500,0,293000,0,0,8300,8300,"TN","TN-02",29.7,65.1,7,"GOP",0,0,0,0,0,"田納西州","田納西州","共和黨","田納西州第02選區","共和黨絕對優勢"
"286","47","03",672500,0,932500,0,0,76000,76000,"TN","TN-03",30.2,65.4,7,"GOP",0,0,0,0,0,"田納西州","田納西州","共和黨","田納西州第03選區","共和黨絕對優勢"
"287","47","04",6471500,0,11495500,0,0,1282750,1282750,"TN","TN-04",27.4,68.6,7,"GOP",0,0,0,0,0,"田納西州","田納西州","共和黨","田納西州第04選區","共和黨絕對優勢"
"288","47","05",0,0,0,0,0,6350,6350,"TN","TN-05",56.6,38.2,1,"Dem",0,0,0,0,0,"田納西州","田納西州","民主黨","田納西州第05選區","民主黨絕對優勢"
"289","47","06",7650500,0,13703000,0,0,2836350,2836350,"TN","TN-06",23.7,72.6,7,"GOP",0,0,0,0,0,"田納西州","田納西州","共和黨","田納西州第06選區","共和黨絕對優勢"
"290","47","07",12040000,0,17909500,0,0,1232250,1232250,"TN","TN-07",28.2,67.5,7,"GOP",0,0,0,0,0,"田納西州","田納西州","共和黨","田納西州第07選區","共和黨絕對優勢"
"291","47","08",44865000,0,63597500,0,0,11750000,11750000,"TN","TN-08",30.7,66.3,7,"GOP",0,0,0,0,0,"田納西州","田納西州","共和黨","田納西州第08選區","共和黨絕對優勢"
"292","47","09",0,0,0,0,0,0,0,"TN","TN-09",77.5,19.8,1,"Dem",0,0,0,0,0,"田納西州","田納西州","民主黨","田納西州第09選區","民主黨絕對優勢"
"293","48","01",0,0,0,0,0,0,0,"TX","TX-01",25.3,72.2,7,"GOP",0,0,0,0,0,"德克薩斯州","德州","共和黨","德州第01選區","共和黨絕對優勢"
"294","48","10",0,156800,2235600,0,0,5200,5200,"TX","TX-10",43.2,52.3,7,"GOP",0,0,0,0,0,"德克薩斯州","德州","共和黨","德州第10選區","共和黨絕對優勢"
"295","48","11",0,1991500,1322000,0,0,5505000,5505000,"TX","TX-11",19.1,77.8,7,"GOP",0,0,0,0,0,"德克薩斯州","德州","共和黨","德州第11選區","共和黨絕對優勢"
"296","48","12",0,0,0,0,0,14500,14500,"TX","TX-12",32.7,62.9,7,"GOP",0,0,0,0,0,"德克薩斯州","德州","共和黨","德州第12選區","共和黨絕對優勢"
"297","48","13",0,14201100,89929000,0,0,30546800,30546800,"TX","TX-13",16.9,79.9,7,"GOP",0,0,0,0,0,"德克薩斯州","德州","共和黨","德州第13選區","共和黨絕對優勢"
"298","48","14",1e+05,0,0,0,0,0,0,"TX","TX-14",38.4,58.2,7,"GOP",0,0,0,0,0,"德克薩斯州","德州","共和黨","德州第14選區","共和黨絕對優勢"
"299","48","15",0,2016233.33333333,3105666.66666667,0,0,84500,84500,"TX","TX-15",56.7,40,1,"Dem",0,0,0,0,0,"德克薩斯州","德州","民主黨","德州第15選區","民主黨絕對優勢"
"300","48","16",0,0,0,0,0,0,0,"TX","TX-16",67.9,27.2,1,"Dem",0,0,0,0,0,"德克薩斯州","德州","民主黨","德州第16選區","民主黨絕對優勢"
"301","48","17",0,1742300,19932600,0,0,1316200,1316200,"TX","TX-17",38.8,56.3,7,"GOP",0,0,0,0,0,"德克薩斯州","德州","共和黨","德州第17選區","共和黨絕對優勢"
"302","48","18",0,0,0,0,0,0,0,"TX","TX-18",76.5,20,1,"Dem",0,0,0,0,0,"德克薩斯州","德州","民主黨","德州第18選區","民主黨絕對優勢"
"303","48","19",0,12628200,34369000,0,0,8277300,8277300,"TX","TX-19",23.5,72.5,7,"GOP",0,0,0,0,0,"德克薩斯州","德州","共和黨","德州第19選區","共和黨絕對優勢"
"304","48","02",0,0,0,0,0,0,0,"TX","TX-02",43.1,52.4,7,"GOP",0,0,0,0,0,"德克薩斯州","德州","共和黨","德州第02選區","共和黨絕對優勢"
"305","48","20",0,54480,163200,0,0,16160,16160,"TX","TX-20",61,34.3,1,"Dem",0,0,0,0,0,"德克薩斯州","德州","民主黨","德州第20選區","民主黨絕對優勢"
"306","48","21",0,139280,655800,0,0,77860,77860,"TX","TX-21",42.5,52.5,5,"GOP",-1,0,0,0,0,"德克薩斯州","德州","共和黨","德州第21選區","共和黨些微優勢"
"307","48","22",163500,925500,821000,0,0,0,0,"TX","TX-22",44.2,52.1,7,"GOP",0,0,0,0,0,"德克薩斯州","德州","共和黨","德州第22選區","共和黨絕對優勢"
"308","48","23",0,1695080,7951200,0,0,863360,863360,"TX","TX-23",49.8,46.4,4,"GOP",0,0,1,0,0,"德克薩斯州","德州","共和黨","德州第23選區","兩黨拉鋸"
"309","48","24",5000,195650,0,0,0,310000,310000,"TX","TX-24",44.5,50.7,7,"GOP",0,0,0,0,0,"德克薩斯州","德州","共和黨","德州第24選區","共和黨絕對優勢"
"310","48","25",0,903550,13458100,0,0,2114700,2114700,"TX","TX-25",40.2,55.1,7,"GOP",0,0,0,0,0,"德克薩斯州","德州","共和黨","德州第25選區","共和黨絕對優勢"
"311","48","26",5000,195650,0,0,0,310000,310000,"TX","TX-26",34.4,60.9,7,"GOP",0,0,0,0,0,"德克薩斯州","德州","共和黨","德州第26選區","共和黨絕對優勢"
"312","48","27",498000,24251500,31276500,0,0,0,0,"TX","TX-27",36.5,60.1,7,"GOP",0,0,0,0,0,"德克薩斯州","德州","共和黨","德州第27選區","共和黨絕對優勢"
"313","48","28",0,1681213.33333333,1525866.66666667,0,0,67560,67560,"TX","TX-28",58.3,38.5,1,"Dem",0,0,0,0,0,"德克薩斯州","德州","民主黨","德州第28選區","民主黨絕對優勢"
"314","48","29",0,0,0,0,0,0,0,"TX","TX-29",71.1,25.4,1,"Dem",0,0,0,0,0,"德克薩斯州","德州","民主黨","德州第29選區","民主黨絕對優勢"
"315","48","03",0,106000,866666.666666667,0,0,220000,220000,"TX","TX-03",40.6,54.8,7,"GOP",0,0,0,0,0,"德克薩斯州","德州","共和黨","德州第03選區","共和黨絕對優勢"
"316","48","30",0,0,0,0,0,0,0,"TX","TX-30",79.1,18.3,1,"Dem",0,0,0,0,0,"德克薩斯州","德州","民主黨","德州第30選區","民主黨絕對優勢"
"317","48","31",0,770750,12720500,0,0,466500,466500,"TX","TX-31",40.8,53.5,6,"GOP",-1,-1,0,0,0,"德克薩斯州","德州","共和黨","德州第31選區","共和黨優勢"
"318","48","32",0,106000,866666.666666667,0,0,220000,220000,"TX","TX-32",48.5,46.6,5,"GOP",-1,0,0,0,0,"德克薩斯州","德州","共和黨","德州第32選區","共和黨些微優勢"
"319","48","33",0,0,0,0,0,0,0,"TX","TX-33",72.9,23.7,1,"Dem",0,0,0,0,0,"德克薩斯州","德州","民主黨","德州第33選區","民主黨絕對優勢"
"320","48","34",0,11563633.3333333,5668166.66666667,0,0,0,0,"TX","TX-34",59.2,37.7,1,"Dem",0,0,0,0,0,"德克薩斯州","德州","民主黨","德州第34選區","民主黨絕對優勢"
"321","48","35",0,682080,1992800,0,0,68860,68860,"TX","TX-35",64.1,30.5,1,"Dem",0,0,0,0,0,"德克薩斯州","德州","民主黨","德州第35選區","民主黨絕對優勢"
"322","48","36",175000,0,0,0,0,0,0,"TX","TX-36",25.2,72,7,"GOP",0,0,0,0,0,"德克薩斯州","德州","共和黨","德州第36選區","共和黨絕對優勢"
"323","48","04",940000,412000,9466666.66666667,0,0,4233000,4233000,"TX","TX-04",21.8,75.4,7,"GOP",0,0,0,0,0,"德克薩斯州","德州","共和黨","德州第04選區","共和黨絕對優勢"
"324","48","05",250000,0,0,0,0,0,0,"TX","TX-05",34.3,62.7,7,"GOP",0,0,0,0,0,"德克薩斯州","德州","共和黨","德州第05選區","共和黨絕對優勢"
"325","48","06",270000,557000,7840000,0,0,714000,714000,"TX","TX-06",41.9,54.2,7,"GOP",0,0,0,0,0,"德克薩斯州","德州","共和黨","德州第06選區","共和黨絕對優勢"
"326","48","07",0,0,0,0,0,0,0,"TX","TX-07",48.5,47.1,4,"GOP",-2,-1,1,1,0,"德克薩斯州","德州","共和黨","德州第07選區","兩黨拉鋸"
"327","48","08",0,0,0,0,0,0,0,"TX","TX-08",23.9,72.7,7,"GOP",0,0,0,0,0,"德克薩斯州","德州","共和黨","德州第08選區","共和黨絕對優勢"
"328","48","09",63500,925500,821000,0,0,0,0,"TX","TX-09",79.3,18,1,"Dem",0,0,0,0,0,"德克薩斯州","德州","民主黨","德州第09選區","民主黨絕對優勢"
"329","49","01",0,0,0,0,0,0,0,"UT","UT-01",22.4,49.7,7,"GOP",0,0,0,0,0,"猶他州","猶他州","共和黨","猶他州第01選區","共和黨絕對優勢"
"330","49","02",0,0,0,0,0,0,0,"UT","UT-02",32,46,7,"GOP",0,0,0,0,0,"猶他州","猶他州","共和黨","猶他州第02選區","共和黨絕對優勢"
"331","49","03",0,0,0,0,0,0,0,"UT","UT-03",23.3,47.2,7,"GOP",0,0,0,0,0,"猶他州","猶他州","共和黨","猶他州第03選區","共和黨絕對優勢"
"332","49","04",0,0,0,0,0,0,0,"UT","UT-04",32.4,39.1,5,"GOP",-1,0,0,0,0,"猶他州","猶他州","共和黨","猶他州第04選區","共和黨些微優勢"
"333","5","01",161915000,43000,82977500,0,0,2423000,2423000,"AR","AR-01",30.2,65,7,"GOP",0,0,0,0,0,"阿肯色州","阿肯色州","共和黨","阿肯色州第01選區","共和黨絕對優勢"
"334","5","02",3127000,0,1280000,0,0,0,0,"AR","AR-02",41.7,52.4,5,"GOP",-2,-1,0,0,0,"阿肯色州","阿肯色州","共和黨","阿肯色州第02選區","共和黨些微優勢"
"335","5","03",0,0,0,0,0,0,0,"AR","AR-03",30.5,61.9,7,"GOP",0,0,0,0,0,"阿肯色州","阿肯色州","共和黨","阿肯色州第03選區","共和黨絕對優勢"
"336","5","04",9114500,0,12527500,0,0,196000,196000,"AR","AR-04",31.3,64.2,7,"GOP",0,0,0,0,0,"阿肯色州","阿肯色州","共和黨","阿肯色州第04選區","共和黨絕對優勢"
"337","50","AL",0,0,0,0,0,0,0,"VT","VT-AL",56.7,30.3,1,"Dem",0,0,0,0,0,"佛蒙特州","佛蒙特州","民主黨","佛蒙特州選區","民主黨絕對優勢"
"338","51","01",6843000,0,14389500,0,0,3090900,3090900,"VA","VA-01",41.2,53.6,7,"GOP",0,0,0,0,0,"維吉尼亞州","維吉尼亞州","共和黨","維吉尼亞州第01選區","共和黨絕對優勢"
"339","51","10",369500,0,1018000,0,0,110800,110800,"VA","VA-10",52.2,42.2,3,"GOP",-2,-1,1,0,0,"維吉尼亞州","維吉尼亞州","共和黨","維吉尼亞州第10選區","民主黨些微優勢"
"340","51","11",0,0,0,0,0,0,0,"VA","VA-11",66.9,27.5,1,"Dem",0,0,0,0,0,"維吉尼亞州","維吉尼亞州","民主黨","維吉尼亞州第11選區","民主黨絕對優勢"
"341","51","02",2968000,0,4202000,0,0,1318000,1318000,"VA","VA-02",45.4,48.8,4,"GOP",-3,-1,1,1,0,"維吉尼亞州","維吉尼亞州","共和黨","維吉尼亞州第02選區","兩黨拉鋸"
"342","51","03",1620500,0,1208500,0,0,359000,359000,"VA","VA-03",63.6,31.9,1,"Dem",0,0,0,0,0,"維吉尼亞州","維吉尼亞州","民主黨","維吉尼亞州第03選區","民主黨絕對優勢"
"343","51","04",4286500,0,6025500,0,0,1029700,1029700,"VA","VA-04",58.7,37.1,1,"Dem",0,0,0,0,0,"維吉尼亞州","維吉尼亞州","民主黨","維吉尼亞州第04選區","民主黨絕對優勢"
"344","51","05",2303550,0,2200500,0,0,674200,674200,"VA","VA-05",42.3,53.4,5,"GOP",-2,-1,0,0,0,"維吉尼亞州","維吉尼亞州","共和黨","維吉尼亞州第05選區","共和黨些微優勢"
"345","51","06",699550,0,5026000,0,0,171600,171600,"VA","VA-06",34.9,59.7,7,"GOP",0,0,0,0,0,"維吉尼亞州","維吉尼亞州","共和黨","維吉尼亞州第06選區","共和黨絕對優勢"
"346","51","07",1991000,0,2699000,0,0,244500,244500,"VA","VA-07",44,50.5,4,"GOP",-3,-2,1,1,0,"維吉尼亞州","維吉尼亞州","共和黨","維吉尼亞州第07選區","兩黨拉鋸"
"347","51","08",0,0,0,0,0,0,0,"VA","VA-08",73.5,20.9,1,"Dem",0,0,0,0,0,"維吉尼亞州","維吉尼亞州","民主黨","維吉尼亞州第08選區","民主黨絕對優勢"
"348","51","09",0,0,94900,0,0,0,0,"VA","VA-09",27.3,68.8,7,"GOP",0,0,0,0,0,"維吉尼亞州","維吉尼亞州","共和黨","維吉尼亞州第09選區","共和黨絕對優勢"
"349","53","01",0,0,0,0,0,0,0,"WA","WA-01",54.1,37.8,1,"Dem",0,0,0,0,0,"華盛頓州","華盛頓州","民主黨","華盛頓州第01選區","民主黨絕對優勢"
"350","53","10",0,0,0,0,0,0,0,"WA","WA-10",51.3,39.9,1,"Dem",0,0,0,0,0,"華盛頓州","華盛頓州","民主黨","華盛頓州第10選區","民主黨絕對優勢"
"351","53","02",0,0,0,0,0,0,0,"WA","WA-02",56.9,34.8,1,"Dem",0,0,0,0,0,"華盛頓州","華盛頓州","民主黨","華盛頓州第02選區","民主黨絕對優勢"
"352","53","03",0,0,0,0,628000,794000,1422000,"WA","WA-03",42.5,49.9,7,"GOP",0,0,0,0,0,"華盛頓州","華盛頓州","共和黨","華盛頓州第03選區","共和黨絕對優勢"
"353","53","04",0,0,7410000,0,452500,43203000,43655500,"WA","WA-04",35.1,57.9,7,"GOP",0,0,0,0,0,"華盛頓州","華盛頓州","共和黨","華盛頓州第04選區","共和黨絕對優勢"
"354","53","05",0,0,0,0,13672000,72157000,85829000,"WA","WA-05",39.1,52.2,5,"GOP",-2,-1,0,0,0,"華盛頓州","華盛頓州","共和黨","華盛頓州第05選區","共和黨些微優勢"
"355","53","06",0,0,0,0,0,0,0,"WA","WA-06",51.8,39.5,1,"Dem",0,0,0,0,0,"華盛頓州","華盛頓州","民主黨","華盛頓州第06選區","民主黨絕對優勢"
"356","53","07",0,0,0,0,0,0,0,"WA","WA-07",82.1,12.2,1,"Dem",0,0,0,0,0,"華盛頓州","華盛頓州","民主黨","華盛頓州第07選區","民主黨絕對優勢"
"357","53","08",0,0,0,0,101500,3825000,3926500,"WA","WA-08",47.7,44.7,4,"GOP",0,0,1,0,0,"華盛頓州","華盛頓州","共和黨","華盛頓州第08選區","兩黨拉鋸"
"358","53","09",0,0,0,0,0,0,0,"WA","WA-09",70.5,23.3,1,"Dem",0,0,0,0,0,"華盛頓州","華盛頓州","民主黨","華盛頓州第09選區","民主黨絕對優勢"
"359","54","01",0,0,0,0,0,0,0,"WV","WV-01",26.4,68,7,"GOP",0,0,0,0,0,"西維吉尼亞州","西維吉尼亞州","共和黨","西維吉尼亞州第01選區","共和黨絕對優勢"
"360","54","02",0,0,0,0,0,0,0,"WV","WV-02",29.4,65.8,7,"GOP",0,0,0,0,0,"西維吉尼亞州","西維吉尼亞州","共和黨","西維吉尼亞州第02選區","共和黨絕對優勢"
"361","54","03",0,0,0,0,0,0,0,"WV","WV-03",23.3,72.5,4,"GOP",-3,-2,1,1,0,"西維吉尼亞州","西維吉尼亞州","共和黨","西維吉尼亞州第03選區","兩黨拉鋸"
"362","55","01",7162416.66666667,0,33308166.6666667,0,0,1095500,1095500,"WI","WI-01",42.3,52.6,4,"GOP",-3,-2,1,1,0,"威斯康辛州","威斯康辛州","共和黨","威斯康辛州第01選區","兩黨拉鋸"
"363","55","02",17985500,0,114241000,0,0,1785900,1785900,"WI","WI-02",65.8,29,1,"Dem",0,0,0,0,0,"威斯康辛州","威斯康辛州","民主黨","威斯康辛州第02選區","民主黨絕對優勢"
"364","55","03",21257000,0,131607000,0,0,294050,294050,"WI","WI-03",44.8,49.3,1,"Dem",-1,0,0,0,0,"威斯康辛州","威斯康辛州","民主黨","威斯康辛州第03選區","民主黨絕對優勢"
"365","55","04",330416.666666667,0,1264666.66666667,0,0,0,0,"WI","WI-04",74,21.8,1,"Dem",0,0,0,0,0,"威斯康辛州","威斯康辛州","民主黨","威斯康辛州第04選區","民主黨絕對優勢"
"366","55","05",7489916.66666667,0,36754166.6666667,0,0,1081500,1081500,"WI","WI-05",37.3,57.4,7,"GOP",0,0,0,0,0,"威斯康辛州","威斯康辛州","共和黨","威斯康辛州第05選區","共和黨絕對優勢"
"367","55","06",13359750,0,73233000,0,0,3366500,3366500,"WI","WI-06",38.8,55.7,6,"GOP",-1,0,0,0,0,"威斯康辛州","威斯康辛州","共和黨","威斯康辛州第06選區","共和黨優勢"
"368","55","07",16405400,0,66841700,0,0,210150,210150,"WI","WI-07",37.3,57.8,7,"GOP",0,0,0,0,0,"威斯康辛州","威斯康辛州","共和黨","威斯康辛州第07選區","共和黨絕對優勢"
"369","55","08",10024500,0,36529000,0,0,2844000,2844000,"WI","WI-08",38.6,56.2,7,"GOP",0,0,0,0,0,"威斯康辛州","威斯康辛州","共和黨","威斯康辛州第08選區","共和黨絕對優勢"
"370","56","AL",0,0,0,0,0,0,0,"WY","WY-AL",22.5,70.1,7,"GOP",0,0,0,0,0,"懷俄明州","懷俄明州","共和黨","懷俄明州選區","共和黨絕對優勢"
"371","6","01",0,0,0,0,0,62500,62500,"CA","CA-01",36.5,56.2,7,"GOP",0,0,0,0,0,"加利福尼亞州","加州","共和黨","加州第01選區","共和黨絕對優勢"
"372","6","10",0,0,1567000,0,0,340000,340000,"CA","CA-10",48.5,45.5,4,"GOP",-1,0,1,0,0,"加利福尼亞州","加州","共和黨","加州第10選區","兩黨拉鋸"
"373","6","11",0,0,0,0,0,0,0,"CA","CA-11",71.5,22.7,1,"Dem",0,0,0,0,0,"加利福尼亞州","加州","民主黨","加州第11選區","民主黨絕對優勢"
"374","6","12",0,0,0,0,0,0,0,"CA","CA-12",86.2,8.7,1,"Dem",0,0,0,0,0,"加利福尼亞州","加州","民主黨","加州第12選區","民主黨絕對優勢"
"375","6","13",0,0,0,0,0,0,0,"CA","CA-13",87.4,6.8,1,"Dem",0,0,0,0,0,"加利福尼亞州","加州","民主黨","加州第13選區","民主黨絕對優勢"
"376","6","14",0,0,0,0,0,0,0,"CA","CA-14",76.9,18.2,1,"Dem",0,0,0,0,0,"加利福尼亞州","加州","民主黨","加州第14選區","民主黨絕對優勢"
"377","6","15",0,0,0,0,0,0,0,"CA","CA-15",69.9,24.2,1,"Dem",0,0,0,0,0,"加利福尼亞州","加州","民主黨","加州第15選區","民主黨絕對優勢"
"378","6","16",0,0,0,92500,0,1785750,1878250,"CA","CA-16",58,36.4,1,"Dem",-1,0,0,0,0,"加利福尼亞州","加州","民主黨","加州第16選區","民主黨絕對優勢"
"379","6","17",0,0,0,0,0,0,0,"CA","CA-17",73.9,20.5,1,"Dem",0,0,0,0,0,"加利福尼亞州","加州","民主黨","加州第17選區","民主黨絕對優勢"
"380","6","18",0,0,0,0,0,0,0,"CA","CA-18",73.4,20.2,1,"Dem",0,0,0,0,0,"加利福尼亞州","加州","民主黨","加州第18選區","民主黨絕對優勢"
"381","6","19",0,0,0,0,0,0,0,"CA","CA-19",72.9,21.5,1,"Dem",0,0,0,0,0,"加利福尼亞州","加州","民主黨","加州第19選區","民主黨絕對優勢"
"382","6","02",0,0,0,0,0,0,0,"CA","CA-02",69,23.3,1,"Dem",0,0,0,0,0,"加利福尼亞州","加州","民主黨","加州第02選區","民主黨絕對優勢"
"383","6","20",0,0,0,0,0,0,0,"CA","CA-20",70.4,23.2,1,"Dem",0,0,0,0,0,"加利福尼亞州","加州","民主黨","加州第20選區","民主黨絕對優勢"
"384","6","21",0,0,0,522500,0,1752083.33333333,2274583.33333333,"CA","CA-21",55.2,39.7,6,"GOP",0,0,0,0,0,"加利福尼亞州","加州","共和黨","加州第21選區","共和黨優勢"
"385","6","22",0,0,0,92500,0,822083.333333333,914583.333333333,"CA","CA-22",42.6,52.1,6,"GOP",-1,-1,0,0,0,"加利福尼亞州","加州","共和黨","加州第22選區","共和黨優勢"
"386","6","23",0,0,0,0,0,433333.333333333,433333.333333333,"CA","CA-23",36.1,58.1,7,"GOP",0,0,0,0,0,"加利福尼亞州","加州","共和黨","加州第23選區","共和黨絕對優勢"
"387","6","24",0,0,0,0,0,0,0,"CA","CA-24",56.7,36.5,2,"Dem",0,0,0,0,0,"加利福尼亞州","加州","民主黨","加州第24選區","民主黨優勢"
"388","6","25",0,0,0,0,0,0,0,"CA","CA-25",50.3,43.6,4,"GOP",-1,0,1,0,0,"加利福尼亞州","加州","共和黨","加州第25選區","兩黨拉鋸"
"389","6","26",0,0,0,0,0,0,0,"CA","CA-26",57.9,36,1,"Dem",0,0,0,0,0,"加利福尼亞州","加州","民主黨","加州第26選區","民主黨絕對優勢"
"390","6","27",0,0,0,0,0,0,0,"CA","CA-27",66,28.4,1,"Dem",0,0,0,0,0,"加利福尼亞州","加州","民主黨","加州第27選區","民主黨絕對優勢"
"391","6","28",0,0,0,0,0,0,0,"CA","CA-28",72.1,22.3,1,"Dem",0,0,0,0,0,"加利福尼亞州","加州","民主黨","加州第28選區","民主黨絕對優勢"
"392","6","29",0,0,0,0,0,0,0,"CA","CA-29",77.7,16.8,1,"Dem",0,0,0,0,0,"加利福尼亞州","加州","民主黨","加州第29選區","民主黨絕對優勢"
"393","6","03",0,0,0,0,0,1197000,1197000,"CA","CA-03",53,40.4,1,"Dem",0,0,0,0,0,"加利福尼亞州","加州","民主黨","加州第03選區","民主黨絕對優勢"
"394","6","30",0,0,0,0,0,0,0,"CA","CA-30",69.1,25.7,1,"Dem",0,0,0,0,0,"加利福尼亞州","加州","民主黨","加州第30選區","民主黨絕對優勢"
"395","6","31",0,0,0,0,0,0,0,"CA","CA-31",57.7,36.6,1,"Dem",0,0,0,0,0,"加利福尼亞州","加州","民主黨","加州第31選區","民主黨絕對優勢"
"396","6","32",0,0,0,0,0,0,0,"CA","CA-32",66.6,27.7,1,"Dem",0,0,0,0,0,"加利福尼亞州","加州","民主黨","加州第32選區","民主黨絕對優勢"
"397","6","33",0,0,0,0,0,0,0,"CA","CA-33",67.8,26.5,1,"Dem",0,0,0,0,0,"加利福尼亞州","加州","民主黨","加州第33選區","民主黨絕對優勢"
"398","6","34",0,0,0,0,0,0,0,"CA","CA-34",83.6,10.7,1,"Dem",0,0,0,0,0,"加利福尼亞州","加州","民主黨","加州第34選區","民主黨絕對優勢"
"399","6","35",0,0,0,0,0,0,0,"CA","CA-35",67.7,26.9,1,"Dem",0,0,0,0,0,"加利福尼亞州","加州","民主黨","加州第35選區","民主黨絕對優勢"
"400","6","36",0,0,0,22500,0,0,22500,"CA","CA-36",52.2,43.4,1,"Dem",0,0,0,0,0,"加利福尼亞州","加州","民主黨","加州第36選區","民主黨絕對優勢"
"401","6","37",0,0,0,0,0,0,0,"CA","CA-37",85.7,9.6,1,"Dem",0,0,0,0,0,"加利福尼亞州","加州","民主黨","加州第37選區","民主黨絕對優勢"
"402","6","38",0,0,0,0,0,0,0,"CA","CA-38",67,27.4,1,"Dem",0,0,0,0,0,"加利福尼亞州","加州","民主黨","加州第38選區","民主黨絕對優勢"
"403","6","39",0,0,0,0,0,0,0,"CA","CA-39",51.5,42.9,4,"GOP",-2,0,1,0,0,"加利福尼亞州","加州","共和黨","加州第39選區","兩黨拉鋸"
"404","6","04",0,0,0,92500,0,388750,481250,"CA","CA-04",39.3,54,6,"GOP",-1,-1,0,0,0,"加利福尼亞州","加州","共和黨","加州第04選區","共和黨優勢"
"405","6","40",0,0,0,0,0,0,0,"CA","CA-40",82.2,12.8,1,"Dem",0,0,0,0,0,"加利福尼亞州","加州","民主黨","加州第40選區","民主黨絕對優勢"
"406","6","41",0,0,0,22500,0,0,22500,"CA","CA-41",61,33.1,1,"Dem",0,0,0,0,0,"加利福尼亞州","加州","民主黨","加州第41選區","民主黨絕對優勢"
"407","6","42",0,0,0,22500,0,0,22500,"CA","CA-42",41.4,53.4,7,"GOP",0,0,0,0,0,"加利福尼亞州","加州","共和黨","加州第42選區","共和黨絕對優勢"
"408","6","43",0,0,0,0,0,0,0,"CA","CA-43",78.4,16.7,1,"Dem",0,0,0,0,0,"加利福尼亞州","加州","民主黨","加州第43選區","民主黨絕對優勢"
"409","6","44",0,0,0,0,0,0,0,"CA","CA-44",83,12.3,1,"Dem",0,0,0,0,0,"加利福尼亞州","加州","民主黨","加州第44選區","民主黨絕對優勢"
"410","6","45",0,0,0,0,0,0,0,"CA","CA-45",49.8,44.4,4,"GOP",-2,-1,1,1,0,"加利福尼亞州","加州","共和黨","加州第45選區","兩黨拉鋸"
"411","6","46",0,0,0,0,0,0,0,"CA","CA-46",66.3,27.9,1,"Dem",0,0,0,0,0,"加利福尼亞州","加州","民主黨","加州第46選區","民主黨絕對優勢"
"412","6","47",0,0,0,0,0,0,0,"CA","CA-47",62.6,31,1,"Dem",0,0,0,0,0,"加利福尼亞州","加州","民主黨","加州第47選區","民主黨絕對優勢"
"413","6","48",0,0,0,0,0,0,0,"CA","CA-48",47.9,46.2,4,"GOP",-2,0,1,0,0,"加利福尼亞州","加州","共和黨","加州第48選區","兩黨拉鋸"
"414","6","49",0,0,0,0,0,0,0,"CA","CA-49",50.7,43.2,3,"GOP",-1,0,1,0,0,"加利福尼亞州","加州","共和黨","加州第49選區","民主黨些微優勢"
"415","6","05",0,0,0,0,0,312000,312000,"CA","CA-05",69.2,24.3,1,"Dem",0,0,0,0,0,"加利福尼亞州","加州","民主黨","加州第05選區","民主黨絕對優勢"
"416","6","50",0,0,0,22500,0,0,22500,"CA","CA-50",39.6,54.6,7,"GOP",0,0,0,0,0,"加利福尼亞州","加州","共和黨","加州第50選區","共和黨絕對優勢"
"417","6","51",0,0,0,1381000,0,0,1381000,"CA","CA-51",71.8,22.8,1,"Dem",0,0,0,0,0,"加利福尼亞州","加州","民主黨","加州第51選區","民主黨絕對優勢"
"418","6","52",0,0,0,0,0,0,0,"CA","CA-52",58.1,35.6,1,"Dem",0,0,0,0,0,"加利福尼亞州","加州","民主黨","加州第52選區","民主黨絕對優勢"
"419","6","53",0,0,0,0,0,0,0,"CA","CA-53",64.5,29.6,1,"Dem",0,0,0,0,0,"加利福尼亞州","加州","民主黨","加州第53選區","民主黨絕對優勢"
"420","6","06",0,0,0,0,0,472500,472500,"CA","CA-06",69.2,24.4,1,"Dem",0,0,0,0,0,"加利福尼亞州","加州","民主黨","加州第06選區","民主黨絕對優勢"
"421","6","07",0,0,0,0,0,0,0,"CA","CA-07",52.3,40.9,2,"Dem",-1,0,0,0,0,"加利福尼亞州","加州","民主黨","加州第07選區","民主黨優勢"
"422","6","08",0,0,0,0,0,0,0,"CA","CA-08",39.6,54.7,7,"GOP",0,0,0,0,0,"加利福尼亞州","加州","共和黨","加州第08選區","共和黨絕對優勢"
"423","6","09",0,0,1567000,0,0,310000,310000,"CA","CA-09",56.6,38,1,"Dem",0,0,0,0,0,"加利福尼亞州","加州","民主黨","加州第09選區","民主黨絕對優勢"
"424","8","01",0,0,0,0,0,518333.333333333,518333.333333333,"CO","CO-01",69,23.2,1,"Dem",0,0,0,0,0,"科羅拉多州","科羅拉多州","民主黨","科羅拉多州第01選區","民主黨絕對優勢"
"425","8","02",0,0,5425500,0,0,0,0,"CO","CO-02",56.2,34.9,1,"Dem",0,0,0,0,0,"科羅拉多州","科羅拉多州","民主黨","科羅拉多州第02選區","民主黨絕對優勢"
"426","8","03",0,0,1094000,0,0,249000,249000,"CO","CO-03",40,52,6,"GOP",-1,-1,0,0,0,"科羅拉多州","科羅拉多州","共和黨","科羅拉多州第03選區","共和黨優勢"
"427","8","04",0,8108333.33333333,140237833.333333,0,0,55741000,55741000,"CO","CO-04",34.3,57.4,7,"GOP",0,0,0,0,0,"科羅拉多州","科羅拉多州","共和黨","科羅拉多州第04選區","共和黨絕對優勢"
"428","8","05",0,0,0,0,0,0,0,"CO","CO-05",33.2,57.2,7,"GOP",0,0,0,0,0,"科羅拉多州","科羅拉多州","共和黨","科羅拉多州第05選區","共和黨絕對優勢"
"429","8","06",0,48333.3333333333,798333.333333333,0,0,2395000,2395000,"CO","CO-06",50.2,41.3,4,"GOP",-1,0,1,0,0,"科羅拉多州","科羅拉多州","共和黨","科羅拉多州第06選區","兩黨拉鋸"
"430","8","07",0,48333.3333333333,798333.333333333,0,0,1876666.66666667,1876666.66666667,"CO","CO-07",51.4,39.4,1,"Dem",0,0,0,0,0,"科羅拉多州","科羅拉多州","民主黨","科羅拉多州第07選區","民主黨絕對優勢"
"431","9","01",0,0,0,0,0,0,0,"CT","CT-01",59.4,36.3,1,"Dem",0,0,0,0,0,"康乃狄克州","康乃狄克州","民主黨","康乃狄克州第01選區","民主黨絕對優勢"
"432","9","02",0,0,0,0,0,0,0,"CT","CT-02",48.7,45.8,1,"Dem",0,0,0,0,0,"康乃狄克州","康乃狄克州","民主黨","康乃狄克州第02選區","民主黨絕對優勢"
"433","9","03",0,0,0,0,0,0,0,"CT","CT-03",55.9,40.4,1,"Dem",0,0,0,0,0,"康乃狄克州","康乃狄克州","民主黨","康乃狄克州第03選區","民主黨絕對優勢"
"434","9","04",0,0,0,0,0,0,0,"CT","CT-04",59.6,36.6,1,"Dem",0,0,0,0,0,"康乃狄克州","康乃狄克州","民主黨","康乃狄克州第04選區","民主黨絕對優勢"
"435","9","05",0,0,0,0,0,0,0,"CT","CT-05",49.9,45.8,2,"Dem",1,1,0,0,0,"康乃狄克州","康乃狄克州","民主黨","康乃狄克州第05選區","民主黨優勢"
